Created Date,estimated hours 
3/5/2019 3:00,3
8/19/2019 3:00,20
6/7/2019 3:00,13
4/29/2019 3:00,10
9/17/2019 3:00,20
5/27/2019 3:00,12
6/16/2019 3:00,10
11/21/2019 3:00,15
5/3/2019 3:00,20
11/11/2019 3:00,20
10/8/2019 3:00,21
2/6/2019 3:00,12
5/15/2019 3:00,2
4/5/2019 3:00,13
3/18/2019 3:00,5
8/18/2019 3:00,6
6/25/2019 3:00,14
9/8/2019 3:00,9
2/2/2019 3:00,14
12/4/2019 3:00,9
6/12/2019 3:00,7
11/22/2019 3:00,6
3/12/2019 3:00,2
1/1/2019 3:00,19
4/29/2019 3:00,14
6/6/2019 3:00,8
7/28/2019 3:00,10
8/30/2019 3:00,8
3/25/2019 3:00,11
10/21/2019 3:00,15
5/6/2019 3:00,16
2/22/2019 3:00,9
5/1/2019 3:00,15
10/15/2019 3:00,6
3/14/2019 3:00,4
9/21/2019 3:00,5
1/2/2019 3:00,2
1/14/2019 3:00,13
10/31/2019 3:00,7
5/17/2019 3:00,3
6/16/2019 3:00,16
8/26/2019 3:00,10
8/10/2019 3:00,7
10/2/2019 3:00,8
12/21/2019 3:00,10
11/16/2019 3:00,3
6/29/2019 3:00,4
8/31/2019 3:00,5
10/5/2019 3:00,12
10/27/2019 3:00,6
11/2/2019 3:00,18
5/12/2019 3:00,10
7/26/2019 3:00,12
1/11/2019 3:00,13
5/19/2019 3:00,21
4/19/2019 3:00,16
2/17/2019 3:00,14
4/22/2019 3:00,7
11/26/2019 3:00,6
6/3/2019 3:00,1
9/26/2019 3:00,12
6/20/2019 3:00,12
1/24/2019 3:00,15
1/18/2019 3:00,5
11/5/2019 3:00,13
2/14/2019 3:00,14
5/22/2019 3:00,21
6/23/2019 3:00,11
12/31/2019 3:00,2
1/25/2019 3:00,15
8/1/2019 3:00,13
2/27/2019 3:00,19
4/3/2019 3:00,3
10/5/2019 3:00,18
10/6/2019 3:00,2
2/8/2019 3:00,19
4/26/2019 3:00,10
4/17/2019 3:00,16
4/27/2019 3:00,6
2/11/2019 3:00,4
7/27/2019 3:00,17
5/18/2019 3:00,9
1/11/2019 3:00,13
4/17/2019 3:00,5
12/27/2019 3:00,8
5/3/2019 3:00,8
9/3/2019 3:00,13
6/11/2019 3:00,7
1/31/2019 3:00,16
7/20/2019 3:00,15
1/27/2019 3:00,9
6/5/2019 3:00,1
11/22/2019 3:00,5
11/18/2019 3:00,11
9/22/2019 3:00,11
11/2/2019 3:00,2
8/21/2019 3:00,11
11/5/2019 3:00,9
12/29/2019 3:00,5
11/3/2019 3:00,20
7/15/2019 3:00,13
3/11/2019 3:00,19
12/7/2019 3:00,4
11/1/2019 3:00,13
4/14/2019 3:00,21
5/10/2019 3:00,12
1/28/2019 3:00,12
10/11/2019 3:00,4
4/19/2019 3:00,16
1/13/2019 3:00,8
11/12/2019 3:00,13
11/10/2019 3:00,19
6/11/2019 3:00,10
8/9/2019 3:00,3
1/30/2019 3:00,12
6/21/2019 3:00,3
11/9/2019 3:00,18
8/4/2019 3:00,20
10/20/2019 3:00,20
11/4/2019 3:00,13
3/19/2019 3:00,11
1/8/2019 3:00,10
2/20/2019 3:00,2
7/1/2019 3:00,4
5/25/2019 3:00,10
6/19/2019 3:00,3
1/12/2019 3:00,11
7/17/2019 3:00,12
6/9/2019 3:00,12
12/10/2019 3:00,3
8/15/2019 3:00,13
7/19/2019 3:00,16
6/26/2019 3:00,3
11/4/2019 3:00,15
3/16/2019 3:00,21
11/20/2019 3:00,20
1/19/2019 3:00,5
5/21/2019 3:00,21
2/21/2019 3:00,6
8/23/2019 3:00,2
11/20/2019 3:00,4
7/10/2019 3:00,13
7/12/2019 3:00,12
6/12/2019 3:00,10
11/21/2019 3:00,13
10/1/2019 3:00,4
2/1/2019 3:00,12
9/27/2019 3:00,9
4/8/2019 3:00,9
3/29/2019 3:00,10
12/15/2019 3:00,19
2/18/2019 3:00,20
6/17/2019 3:00,16
5/19/2019 3:00,13
11/19/2019 3:00,19
7/17/2019 3:00,5
8/10/2019 3:00,8
4/10/2019 3:00,1
12/19/2019 3:00,15
12/25/2019 3:00,15
12/8/2019 3:00,10
10/17/2019 3:00,10
5/24/2019 3:00,11
3/8/2019 3:00,8
12/26/2019 3:00,5
9/21/2019 3:00,9
4/5/2019 3:00,8
8/31/2019 3:00,18
1/17/2019 3:00,14
1/26/2019 3:00,7
9/28/2019 3:00,15
8/29/2019 3:00,12
4/13/2019 3:00,17
12/22/2019 3:00,4
1/17/2019 3:00,11
2/26/2019 3:00,1
6/30/2019 3:00,9
6/3/2019 3:00,21
6/29/2019 3:00,9
7/3/2019 3:00,1
2/16/2019 3:00,21
8/28/2019 3:00,17
12/30/2019 3:00,8
4/21/2019 3:00,1
5/11/2019 3:00,13
10/25/2019 3:00,18
8/3/2019 3:00,3
9/10/2019 3:00,11
3/25/2019 3:00,20
10/2/2019 3:00,11
1/10/2019 3:00,10
8/16/2019 3:00,21
6/27/2019 3:00,5
12/17/2019 3:00,11
8/1/2019 3:00,18
2/11/2019 3:00,4
5/20/2019 3:00,2
5/13/2019 3:00,1
11/5/2019 3:00,6
1/5/2019 3:00,19
4/4/2019 3:00,10
2/9/2019 3:00,5
2/9/2019 3:00,1
1/13/2019 3:00,20
4/15/2019 3:00,5
6/13/2019 3:00,1
5/21/2019 3:00,7
2/16/2019 3:00,17
5/15/2019 3:00,21
5/14/2019 3:00,7
8/25/2019 3:00,3
1/3/2019 3:00,10
6/29/2019 3:00,1
7/14/2019 3:00,19
7/7/2019 3:00,10
5/8/2019 3:00,18
6/13/2019 3:00,18
11/28/2019 3:00,15
3/27/2019 3:00,8
1/4/2019 3:00,16
10/17/2019 3:00,14
7/16/2019 3:00,16
4/11/2019 3:00,16
1/10/2019 3:00,10
3/6/2019 3:00,2
10/16/2019 3:00,10
1/23/2019 3:00,3
6/10/2019 3:00,18
10/4/2019 3:00,9
3/4/2019 3:00,3
7/25/2019 3:00,19
4/3/2019 3:00,20
1/22/2019 3:00,16
4/1/2019 3:00,16
4/19/2019 3:00,9
11/3/2019 3:00,17
8/15/2019 3:00,14
4/23/2019 3:00,5
4/23/2019 3:00,6
1/3/2019 3:00,7
5/11/2019 3:00,8
12/12/2019 3:00,6
9/13/2019 3:00,10
9/12/2019 3:00,19
12/2/2019 3:00,11
6/22/2019 3:00,18
5/8/2019 3:00,16
4/20/2019 3:00,19
1/10/2019 3:00,19
6/25/2019 3:00,1
9/16/2019 3:00,3
3/14/2019 3:00,14
4/28/2019 3:00,21
10/11/2019 3:00,9
12/11/2019 3:00,11
10/26/2019 3:00,15
2/28/2019 3:00,20
7/4/2019 3:00,7
5/7/2019 3:00,6
3/31/2019 3:00,3
8/25/2019 3:00,15
9/30/2019 3:00,13
3/23/2019 3:00,10
8/15/2019 3:00,15
11/12/2019 3:00,18
7/27/2019 3:00,2
1/15/2019 3:00,18
8/9/2019 3:00,9
10/15/2019 3:00,1
7/4/2019 3:00,14
9/9/2019 3:00,20
1/29/2019 3:00,7
6/28/2019 3:00,3
2/26/2019 3:00,9
8/4/2019 3:00,4
9/21/2019 3:00,3
9/7/2019 3:00,14
10/6/2019 3:00,12
8/11/2019 3:00,10
4/2/2019 3:00,13
1/8/2019 3:00,8
10/22/2019 3:00,8
10/21/2019 3:00,12
9/8/2019 3:00,6
10/19/2019 3:00,12
8/13/2019 3:00,7
12/2/2019 3:00,20
7/6/2019 3:00,2
11/25/2019 3:00,2
4/7/2019 3:00,3
9/25/2019 3:00,3
1/24/2019 3:00,10
5/9/2019 3:00,1
8/3/2019 3:00,17
7/15/2019 3:00,2
4/10/2019 3:00,9
1/21/2019 3:00,15
11/8/2019 3:00,19
2/18/2019 3:00,11
8/29/2019 3:00,7
8/17/2019 3:00,3
3/7/2019 3:00,20
8/8/2019 3:00,10
4/14/2019 3:00,7
9/5/2019 3:00,5
4/26/2019 3:00,21
6/26/2019 3:00,5
1/25/2019 3:00,3
6/5/2019 3:00,4
5/9/2019 3:00,15
2/28/2019 3:00,15
2/7/2019 3:00,5
6/24/2019 3:00,9
10/27/2019 3:00,11
10/1/2019 3:00,19
11/25/2019 3:00,6
5/25/2019 3:00,16
9/14/2019 3:00,20
11/8/2019 3:00,9
5/4/2019 3:00,8
9/23/2019 3:00,4
8/12/2019 3:00,18
6/8/2019 3:00,17
1/4/2019 3:00,5
12/4/2019 3:00,14
10/3/2019 3:00,15
12/9/2019 3:00,15
11/1/2019 3:00,18
1/14/2019 3:00,15
9/12/2019 3:00,1
2/4/2019 3:00,18
12/28/2019 3:00,9
1/22/2019 3:00,14
12/21/2019 3:00,19
5/1/2019 3:00,6
12/5/2019 3:00,12
11/8/2019 3:00,11
7/11/2019 3:00,12
3/7/2019 3:00,16
3/21/2019 3:00,9
12/1/2019 3:00,21
4/7/2019 3:00,20
11/17/2019 3:00,1
6/7/2019 3:00,15
3/13/2019 3:00,5
5/31/2019 3:00,9
1/14/2019 3:00,3
5/30/2019 3:00,4
8/14/2019 3:00,7
7/9/2019 3:00,8
2/24/2019 3:00,11
5/29/2019 3:00,12
6/23/2019 3:00,18
10/14/2019 3:00,3
3/19/2019 3:00,10
4/27/2019 3:00,3
11/23/2019 3:00,19
3/28/2019 3:00,19
12/7/2019 3:00,20
3/30/2019 3:00,18
1/31/2019 3:00,21
7/10/2019 3:00,5
8/12/2019 3:00,8
11/19/2019 3:00,8
5/10/2019 3:00,6
7/12/2019 3:00,16
7/16/2019 3:00,14
3/16/2019 3:00,19
9/10/2019 3:00,9
8/20/2019 3:00,16
10/18/2019 3:00,19
3/13/2019 3:00,11
12/23/2019 3:00,2
12/10/2019 3:00,2
10/14/2019 3:00,19
3/9/2019 3:00,15
4/12/2019 3:00,3
8/8/2019 3:00,5
11/24/2019 3:00,16
6/28/2019 3:00,14
3/9/2019 3:00,6
2/14/2019 3:00,2
6/4/2019 3:00,10
4/6/2019 3:00,16
2/17/2019 3:00,16
4/4/2019 3:00,15
11/28/2019 3:00,1
1/30/2019 3:00,7
5/24/2019 3:00,2
4/27/2019 3:00,4
12/27/2019 3:00,21
4/25/2019 3:00,18
4/21/2019 3:00,10
8/31/2019 3:00,16
2/19/2019 3:00,20
1/23/2019 3:00,10
4/11/2019 3:00,1
7/7/2019 3:00,1
8/24/2019 3:00,16
10/11/2019 3:00,19
7/19/2019 3:00,8
10/30/2019 3:00,17
6/15/2019 3:00,6
10/8/2019 3:00,12
10/16/2019 3:00,5
3/3/2019 3:00,1
1/17/2019 3:00,8
6/2/2019 3:00,18
1/12/2019 3:00,10
7/14/2019 3:00,10
3/27/2019 3:00,2
5/2/2019 3:00,7
7/28/2019 3:00,11
1/29/2019 3:00,4
11/29/2019 3:00,3
5/5/2019 3:00,3
4/20/2019 3:00,8
1/23/2019 3:00,19
5/4/2019 3:00,14
6/9/2019 3:00,2
9/16/2019 3:00,20
10/12/2019 3:00,15
3/19/2019 3:00,20
9/22/2019 3:00,21
10/24/2019 3:00,8
2/25/2019 3:00,2
5/10/2019 3:00,11
10/12/2019 3:00,14
12/18/2019 3:00,1
3/26/2019 3:00,14
9/15/2019 3:00,8
7/6/2019 3:00,19
2/9/2019 3:00,15
1/19/2019 3:00,12
4/7/2019 3:00,12
5/28/2019 3:00,4
11/1/2019 3:00,18
2/13/2019 3:00,11
1/8/2019 3:00,17
3/6/2019 3:00,8
7/2/2019 3:00,14
2/12/2019 3:00,16
2/15/2019 3:00,9
12/9/2019 3:00,8
12/16/2019 3:00,7
6/16/2019 3:00,5
5/7/2019 3:00,4
2/4/2019 3:00,10
9/19/2019 3:00,7
12/26/2019 3:00,10
1/18/2019 3:00,21
6/24/2019 3:00,9
1/15/2019 3:00,9
11/12/2019 3:00,20
2/23/2019 3:00,21
3/22/2019 3:00,8
12/23/2019 3:00,21
12/30/2019 3:00,10
4/22/2019 3:00,10
7/25/2019 3:00,19
7/23/2019 3:00,13
9/5/2019 3:00,5
8/25/2019 3:00,7
10/13/2019 3:00,5
5/21/2019 3:00,18
6/27/2019 3:00,19
3/22/2019 3:00,10
12/1/2019 3:00,14
3/2/2019 3:00,17
1/21/2019 3:00,20
2/20/2019 3:00,5
10/15/2019 3:00,12
3/22/2019 3:00,17
11/13/2019 3:00,21
5/15/2019 3:00,17
10/20/2019 3:00,18
6/21/2019 3:00,10
7/9/2019 3:00,19
11/29/2019 3:00,3
10/8/2019 3:00,4
3/21/2019 3:00,4
9/24/2019 3:00,16
12/16/2019 3:00,10
11/15/2019 3:00,6
4/3/2019 3:00,11
3/17/2019 3:00,17
8/5/2019 3:00,21
12/8/2019 3:00,5
9/19/2019 3:00,12
4/24/2019 3:00,3
7/23/2019 3:00,10
10/17/2019 3:00,19
9/14/2019 3:00,7
1/9/2019 3:00,10
2/24/2019 3:00,2
3/28/2019 3:00,20
6/20/2019 3:00,3
3/18/2019 3:00,12
4/12/2019 3:00,20
2/16/2019 3:00,15
4/17/2019 3:00,17
2/12/2019 3:00,19
2/5/2019 3:00,13
3/11/2019 3:00,9
10/3/2019 3:00,6
1/28/2019 3:00,7
1/6/2019 3:00,14
7/19/2019 3:00,10
5/5/2019 3:00,20
1/20/2019 3:00,4
6/14/2019 3:00,20
5/30/2019 3:00,5
11/15/2019 3:00,9
10/29/2019 3:00,10
11/11/2019 3:00,16
12/22/2019 3:00,15
11/27/2019 3:00,19
3/29/2019 3:00,19
7/9/2019 3:00,18
10/24/2019 3:00,15
7/1/2019 3:00,18
5/24/2019 3:00,17
3/3/2019 3:00,18
2/5/2019 3:00,14
10/16/2019 3:00,16
11/16/2019 3:00,21
10/3/2019 3:00,15
10/4/2019 3:00,2
11/30/2019 3:00,15
12/9/2019 3:00,6
3/8/2019 3:00,8
7/21/2019 3:00,3
3/25/2019 3:00,9
5/16/2019 3:00,21
7/31/2019 3:00,3
10/18/2019 3:00,17
2/24/2019 3:00,9
1/30/2019 3:00,14
4/4/2019 3:00,8
1/12/2019 3:00,21
2/27/2019 3:00,17
6/22/2019 3:00,14
10/28/2019 3:00,2
2/8/2019 3:00,8
3/10/2019 3:00,14
6/2/2019 3:00,19
12/14/2019 3:00,4
8/18/2019 3:00,13
8/6/2019 3:00,6
4/6/2019 3:00,14
6/17/2019 3:00,3
6/15/2019 3:00,3
1/4/2019 3:00,7
11/27/2019 3:00,6
10/22/2019 3:00,19
9/26/2019 3:00,4
3/10/2019 3:00,3
12/17/2019 3:00,5
12/18/2019 3:00,10
4/8/2019 3:00,8
8/14/2019 3:00,5
3/8/2019 3:00,19
8/19/2019 3:00,11
3/21/2019 3:00,4
11/26/2019 3:00,10
2/10/2019 3:00,15
9/24/2019 3:00,9
9/29/2019 3:00,16
5/26/2019 3:00,17
9/5/2019 3:00,10
2/7/2019 3:00,13
2/20/2019 3:00,16
11/29/2019 3:00,14
5/6/2019 3:00,12
12/31/2019 3:00,11
10/25/2019 3:00,10
2/1/2019 3:00,5
6/5/2019 3:00,2
7/3/2019 3:00,11
9/7/2019 3:00,13
6/17/2019 3:00,5
8/7/2019 3:00,10
7/18/2019 3:00,12
4/5/2019 3:00,16
9/26/2019 3:00,18
12/28/2019 3:00,4
1/6/2019 3:00,8
12/5/2019 3:00,15
1/9/2019 3:00,16
8/9/2019 3:00,13
4/11/2019 3:00,5
6/21/2019 3:00,9
7/13/2019 3:00,7
7/3/2019 3:00,8
12/12/2019 3:00,1
9/1/2019 3:00,1
10/26/2019 3:00,13
4/9/2019 3:00,19
5/20/2019 3:00,14
9/3/2019 3:00,21
10/7/2019 3:00,10
10/1/2019 3:00,10
8/20/2019 3:00,21
1/16/2019 3:00,1
8/2/2019 3:00,15
2/3/2019 3:00,19
9/6/2019 3:00,19
8/21/2019 3:00,13
4/30/2019 3:00,14
1/5/2019 3:00,8
10/19/2019 3:00,13
5/13/2019 3:00,21
5/29/2019 3:00,16
7/8/2019 3:00,9
11/19/2019 3:00,9
5/11/2019 3:00,2
4/28/2019 3:00,9
3/5/2019 3:00,8
1/22/2019 3:00,11
5/28/2019 3:00,12
11/23/2019 3:00,7
2/18/2019 3:00,1
11/27/2019 3:00,13
6/6/2019 3:00,1
4/15/2019 3:00,4
8/3/2019 3:00,3
10/31/2019 3:00,19
10/5/2019 3:00,11
11/6/2019 3:00,9
5/14/2019 3:00,17
8/17/2019 3:00,9
12/6/2019 3:00,18
10/9/2019 3:00,18
10/12/2019 3:00,19
8/6/2019 3:00,10
8/30/2019 3:00,20
11/23/2019 3:00,2
6/2/2019 3:00,4
5/9/2019 3:00,14
12/6/2019 3:00,7
7/5/2019 3:00,21
10/30/2019 3:00,6
10/4/2019 3:00,8
9/1/2019 3:00,9
11/13/2019 3:00,16
4/30/2019 3:00,16
11/28/2019 3:00,9
11/18/2019 3:00,16
1/6/2019 3:00,18
5/18/2019 3:00,11
3/15/2019 3:00,17
8/16/2019 3:00,13
6/3/2019 3:00,6
2/17/2019 3:00,8
4/26/2019 3:00,11
11/24/2019 3:00,10
4/18/2019 3:00,21
4/20/2019 3:00,10
11/18/2019 3:00,8
10/28/2019 3:00,3
12/23/2019 3:00,2
1/15/2019 3:00,2
3/23/2019 3:00,11
6/14/2019 3:00,19
3/17/2019 3:00,3
12/5/2019 3:00,9
7/24/2019 3:00,15
4/9/2019 3:00,7
9/20/2019 3:00,7
4/9/2019 3:00,2
2/3/2019 3:00,7
3/4/2019 3:00,8
7/18/2019 3:00,5
10/2/2019 3:00,10
6/8/2019 3:00,3
5/28/2019 3:00,14
7/7/2019 3:00,1
9/6/2019 3:00,21
2/10/2019 3:00,5
8/22/2019 3:00,17
8/24/2019 3:00,8
4/10/2019 3:00,10
11/16/2019 3:00,15
7/11/2019 3:00,1
7/18/2019 3:00,15
5/12/2019 3:00,7
7/13/2019 3:00,17
6/28/2019 3:00,13
2/23/2019 3:00,9
10/29/2019 3:00,19
8/27/2019 3:00,5
12/24/2019 3:00,5
5/2/2019 3:00,10
7/31/2019 3:00,12
4/1/2019 3:00,18
7/4/2019 3:00,21
2/4/2019 3:00,1
10/19/2019 3:00,19
7/26/2019 3:00,2
3/2/2019 3:00,15
6/24/2019 3:00,1
1/2/2019 3:00,19
5/3/2019 3:00,3
12/8/2019 3:00,13
10/18/2019 3:00,1
3/23/2019 3:00,4
1/11/2019 3:00,11
1/28/2019 3:00,17
8/22/2019 3:00,3
9/10/2019 3:00,1
12/20/2019 3:00,14
7/20/2019 3:00,15
4/6/2019 3:00,19
5/7/2019 3:00,3
11/10/2019 3:00,7
10/10/2019 3:00,3
2/22/2019 3:00,11
12/22/2019 3:00,19
5/22/2019 3:00,16
1/26/2019 3:00,16
10/9/2019 3:00,9
6/1/2019 3:00,9
6/19/2019 3:00,21
1/21/2019 3:00,18
10/29/2019 3:00,21
1/1/2019 3:00,14
5/27/2019 3:00,7
6/10/2019 3:00,10
9/15/2019 3:00,16
3/28/2019 3:00,6
1/13/2019 3:00,7
3/6/2019 3:00,9
3/31/2019 3:00,16
4/2/2019 3:00,18
7/22/2019 3:00,14
6/25/2019 3:00,21
2/25/2019 3:00,13
6/9/2019 3:00,17
11/14/2019 3:00,11
3/20/2019 3:00,18
7/30/2019 3:00,6
5/26/2019 3:00,1
6/19/2019 3:00,1
1/27/2019 3:00,21
10/23/2019 3:00,7
9/11/2019 3:00,4
7/17/2019 3:00,3
8/12/2019 3:00,6
3/12/2019 3:00,11
9/4/2019 3:00,10
7/10/2019 3:00,10
6/1/2019 3:00,17
2/6/2019 3:00,13
1/16/2019 3:00,2
9/20/2019 3:00,21
5/4/2019 3:00,3
4/23/2019 3:00,11
12/10/2019 3:00,16
10/22/2019 3:00,2
4/30/2019 3:00,5
5/26/2019 3:00,2
1/26/2019 3:00,2
6/15/2019 3:00,6
5/25/2019 3:00,4
8/5/2019 3:00,10
8/26/2019 3:00,16
2/28/2019 3:00,19
2/8/2019 3:00,8
1/3/2019 3:00,2
12/7/2019 3:00,6
12/24/2019 3:00,11
7/21/2019 3:00,8
4/1/2019 3:00,9
3/7/2019 3:00,1
11/7/2019 3:00,21
8/11/2019 3:00,9
8/24/2019 3:00,13
7/29/2019 3:00,11
3/1/2019 3:00,9
9/27/2019 3:00,20
5/17/2019 3:00,8
3/13/2019 3:00,13
2/25/2019 3:00,17
1/31/2019 3:00,19
11/30/2019 3:00,20
4/24/2019 3:00,15
8/4/2019 3:00,6
11/15/2019 3:00,3
6/4/2019 3:00,3
8/14/2019 3:00,19
5/23/2019 3:00,5
3/30/2019 3:00,19
12/28/2019 3:00,15
12/15/2019 3:00,4
6/27/2019 3:00,7
8/16/2019 3:00,7
3/1/2019 3:00,5
8/5/2019 3:00,5
9/14/2019 3:00,21
7/30/2019 3:00,11
4/14/2019 3:00,1
12/14/2019 3:00,18
6/30/2019 3:00,11
9/25/2019 3:00,11
8/22/2019 3:00,15
12/12/2019 3:00,13
8/26/2019 3:00,10
2/13/2019 3:00,11
8/20/2019 3:00,10
6/18/2019 3:00,20
2/15/2019 3:00,9
9/3/2019 3:00,10
11/6/2019 3:00,7
3/24/2019 3:00,17
1/9/2019 3:00,1
3/30/2019 3:00,3
12/29/2019 3:00,15
10/28/2019 3:00,4
11/14/2019 3:00,7
5/30/2019 3:00,6
5/27/2019 3:00,21
2/6/2019 3:00,5
4/29/2019 3:00,3
2/3/2019 3:00,13
3/18/2019 3:00,10
3/26/2019 3:00,13
9/2/2019 3:00,12
6/20/2019 3:00,1
3/24/2019 3:00,9
7/25/2019 3:00,5
7/15/2019 3:00,7
2/11/2019 3:00,8
9/22/2019 3:00,1
8/23/2019 3:00,3
12/18/2019 3:00,14
12/25/2019 3:00,5
4/22/2019 3:00,15
4/21/2019 3:00,7
7/16/2019 3:00,13
7/31/2019 3:00,5
9/13/2019 3:00,14
3/15/2019 3:00,20
10/20/2019 3:00,2
12/6/2019 3:00,2
10/7/2019 3:00,3
8/6/2019 3:00,4
3/17/2019 3:00,8
5/16/2019 3:00,10
9/18/2019 3:00,11
11/24/2019 3:00,8
2/5/2019 3:00,21
7/30/2019 3:00,9
2/2/2019 3:00,15
11/30/2019 3:00,10
8/27/2019 3:00,13
8/7/2019 3:00,4
10/9/2019 3:00,8
12/26/2019 3:00,15
8/23/2019 3:00,19
9/20/2019 3:00,7
7/2/2019 3:00,16
9/12/2019 3:00,6
2/21/2019 3:00,2
7/1/2019 3:00,6
5/5/2019 3:00,2
4/15/2019 3:00,9
4/18/2019 3:00,7
12/21/2019 3:00,8
6/18/2019 3:00,19
3/11/2019 3:00,18
10/10/2019 3:00,11
12/3/2019 3:00,21
9/7/2019 3:00,8
9/2/2019 3:00,2
5/20/2019 3:00,10
7/5/2019 3:00,5
8/29/2019 3:00,9
9/27/2019 3:00,9
3/1/2019 3:00,2
4/25/2019 3:00,17
4/28/2019 3:00,10
11/13/2019 3:00,17
9/13/2019 3:00,3
12/29/2019 3:00,7
2/7/2019 3:00,1
6/22/2019 3:00,14
6/11/2019 3:00,15
9/18/2019 3:00,7
10/14/2019 3:00,2
6/18/2019 3:00,21
6/4/2019 3:00,19
11/3/2019 3:00,20
11/7/2019 3:00,20
1/25/2019 3:00,11
3/14/2019 3:00,11
9/28/2019 3:00,10
9/28/2019 3:00,10
8/28/2019 3:00,2
3/2/2019 3:00,1
7/13/2019 3:00,6
8/28/2019 3:00,11
6/12/2019 3:00,19
7/29/2019 3:00,1
11/2/2019 3:00,10
2/27/2019 3:00,13
9/17/2019 3:00,3
12/11/2019 3:00,1
7/24/2019 3:00,21
6/10/2019 3:00,18
5/31/2019 3:00,1
8/2/2019 3:00,3
4/13/2019 3:00,8
12/27/2019 3:00,13
3/12/2019 3:00,20
4/24/2019 3:00,3
9/9/2019 3:00,2
9/23/2019 3:00,1
5/2/2019 3:00,19
6/23/2019 3:00,6
12/3/2019 3:00,7
11/14/2019 3:00,20
3/20/2019 3:00,16
3/16/2019 3:00,5
9/4/2019 3:00,21
12/20/2019 3:00,1
7/6/2019 3:00,1
12/24/2019 3:00,19
5/14/2019 3:00,19
2/10/2019 3:00,21
12/15/2019 3:00,13
11/6/2019 3:00,11
12/2/2019 3:00,21
8/11/2019 3:00,18
3/4/2019 3:00,18
9/11/2019 3:00,2
3/26/2019 3:00,18
4/16/2019 3:00,21
12/16/2019 3:00,21
1/20/2019 3:00,19
6/7/2019 3:00,9
9/1/2019 3:00,8
3/15/2019 3:00,12
10/13/2019 3:00,13
7/28/2019 3:00,18
5/23/2019 3:00,10
9/24/2019 3:00,11
7/27/2019 3:00,3
6/14/2019 3:00,17
6/26/2019 3:00,16
1/2/2019 3:00,7
9/9/2019 3:00,7
5/31/2019 3:00,17
1/16/2019 3:00,21
4/12/2019 3:00,12
7/21/2019 3:00,16
9/23/2019 3:00,2
5/13/2019 3:00,8
7/5/2019 3:00,21
8/30/2019 3:00,20
10/7/2019 3:00,9
5/22/2019 3:00,16
5/8/2019 3:00,18
12/13/2019 3:00,1
8/7/2019 3:00,9
5/1/2019 3:00,6
5/18/2019 3:00,15
6/1/2019 3:00,3
10/24/2019 3:00,18
3/10/2019 3:00,20
9/18/2019 3:00,2
1/7/2019 3:00,17
7/26/2019 3:00,17
8/8/2019 3:00,2
9/16/2019 3:00,11
7/20/2019 3:00,16
8/2/2019 3:00,15
9/29/2019 3:00,18
1/5/2019 3:00,7
3/9/2019 3:00,1
6/6/2019 3:00,20
1/7/2019 3:00,10
10/21/2019 3:00,10
1/1/2019 3:00,3
1/7/2019 3:00,4
10/6/2019 3:00,15
4/18/2019 3:00,6
7/23/2019 3:00,20
9/4/2019 3:00,14
8/21/2019 3:00,20
3/5/2019 3:00,12
10/23/2019 3:00,20
9/29/2019 3:00,10
11/4/2019 3:00,5
11/25/2019 3:00,21
5/12/2019 3:00,20
3/27/2019 3:00,13
9/17/2019 3:00,15
2/12/2019 3:00,19
12/19/2019 3:00,8
2/15/2019 3:00,1
9/30/2019 3:00,12
10/27/2019 3:00,20
8/10/2019 3:00,15
10/10/2019 3:00,21
8/1/2019 3:00,20
1/19/2019 3:00,6
5/6/2019 3:00,3
10/13/2019 3:00,1
2/21/2019 3:00,2
7/8/2019 3:00,6
8/17/2019 3:00,13
8/18/2019 3:00,7
6/30/2019 3:00,8
1/24/2019 3:00,7
4/16/2019 3:00,11
7/29/2019 3:00,5
10/31/2019 3:00,14
12/1/2019 3:00,14
7/14/2019 3:00,4
2/1/2019 3:00,20
1/29/2019 3:00,5
9/15/2019 3:00,21
12/19/2019 3:00,3
5/19/2019 3:00,21
4/2/2019 3:00,17
1/20/2019 3:00,4
4/25/2019 3:00,17
8/19/2019 3:00,13
3/29/2019 3:00,2
11/7/2019 3:00,9
12/31/2019 3:00,16
10/26/2019 3:00,10
9/19/2019 3:00,8
2/22/2019 3:00,13
6/8/2019 3:00,18
12/3/2019 3:00,14
9/30/2019 3:00,15
6/13/2019 3:00,15
10/23/2019 3:00,10
11/17/2019 3:00,17
11/21/2019 3:00,11
7/2/2019 3:00,18
12/13/2019 3:00,12
12/13/2019 3:00,15
7/8/2019 3:00,4
11/26/2019 3:00,14
10/30/2019 3:00,2
12/30/2019 3:00,6
11/9/2019 3:00,2
1/18/2019 3:00,12
7/22/2019 3:00,11
2/13/2019 3:00,11
11/11/2019 3:00,1
9/11/2019 3:00,18
3/20/2019 3:00,8
1/27/2019 3:00,16
4/16/2019 3:00,10
2/19/2019 3:00,7
10/25/2019 3:00,20
2/23/2019 3:00,7
7/22/2019 3:00,6
11/17/2019 3:00,6
3/31/2019 3:00,10
4/8/2019 3:00,2
12/17/2019 3:00,13
8/27/2019 3:00,10
12/4/2019 3:00,12
5/29/2019 3:00,18
12/11/2019 3:00,18
5/23/2019 3:00,21
12/14/2019 3:00,3
5/17/2019 3:00,2
9/2/2019 3:00,15
3/3/2019 3:00,20
7/12/2019 3:00,9
9/25/2019 3:00,17
2/19/2019 3:00,21
9/8/2019 3:00,21
8/13/2019 3:00,6
7/24/2019 3:00,18
5/16/2019 3:00,17
2/26/2019 3:00,19
3/24/2019 3:00,17
7/11/2019 3:00,7
12/25/2019 3:00,12
11/20/2019 3:00,4
11/22/2019 3:00,15
11/10/2019 3:00,21
8/13/2019 3:00,6
4/13/2019 3:00,18
11/9/2019 3:00,3
9/6/2019 3:00,21
2/14/2019 3:00,7
12/20/2019 3:00,6
2/2/2019 3:00,12
11/26/2019 9:04,12
8/12/2019 9:04,8
9/4/2019 9:04,20
11/19/2019 9:04,18
8/24/2019 9:04,7
11/8/2019 9:04,11
8/23/2019 9:04,13
10/4/2019 9:04,4
12/1/2019 9:04,1
8/3/2019 9:04,19
11/13/2019 9:04,6
10/19/2019 9:04,18
10/26/2019 9:04,10
9/2/2019 9:04,19
12/2/2019 9:04,1
8/19/2019 9:04,6
11/30/2019 9:04,17
10/17/2019 9:04,15
11/21/2019 9:04,15
8/21/2019 9:04,10
10/15/2019 9:04,15
11/18/2019 9:04,13
8/1/2019 9:04,9
11/15/2019 9:04,16
8/25/2019 9:04,9
10/11/2019 9:04,8
9/17/2019 9:04,11
9/8/2019 9:04,3
8/31/2019 9:04,10
9/18/2019 9:04,15
11/9/2019 9:04,16
8/8/2019 9:04,1
10/31/2019 9:04,21
10/2/2019 9:04,15
9/15/2019 9:04,14
8/16/2019 9:04,15
11/7/2019 9:04,11
8/4/2019 9:04,18
10/20/2019 9:04,9
11/1/2019 9:04,2
9/22/2019 9:04,13
10/12/2019 9:04,13
12/3/2019 9:04,21
8/22/2019 9:04,9
10/13/2019 9:04,7
9/29/2019 9:04,11
8/30/2019 9:04,7
11/11/2019 9:04,12
8/15/2019 9:04,16
11/3/2019 9:04,11
9/30/2019 9:04,19
11/10/2019 9:04,19
9/26/2019 9:04,7
9/28/2019 9:04,21
10/16/2019 9:04,11
8/14/2019 9:04,10
8/17/2019 9:04,12
8/5/2019 9:04,5
10/10/2019 9:04,1
9/1/2019 9:04,10
11/20/2019 9:04,12
10/28/2019 9:04,19
10/9/2019 9:04,15
9/12/2019 9:04,1
10/25/2019 9:04,9
9/13/2019 9:04,17
10/24/2019 9:04,7
9/24/2019 9:04,8
10/5/2019 9:04,14
11/5/2019 9:04,21
10/27/2019 9:04,18
8/10/2019 9:04,10
8/18/2019 9:04,4
10/7/2019 9:04,15
11/28/2019 9:04,21
11/16/2019 9:04,2
8/28/2019 9:04,13
9/21/2019 9:04,16
8/13/2019 9:04,13
11/2/2019 9:04,9
8/11/2019 9:04,1
10/8/2019 9:04,14
9/3/2019 9:04,21
11/22/2019 9:04,3
11/12/2019 9:04,19
10/23/2019 9:04,19
11/27/2019 9:04,19
10/3/2019 9:04,21
8/6/2019 9:04,9
10/6/2019 9:04,21
8/2/2019 9:04,7
9/19/2019 9:04,12
9/25/2019 9:04,15
8/26/2019 9:04,11
11/6/2019 9:04,7
11/4/2019 9:04,13
10/21/2019 9:04,3
8/7/2019 9:04,16
7/31/2019 9:04,10
9/5/2019 9:04,19
10/14/2019 9:04,17
10/29/2019 9:04,21
10/22/2019 9:04,7
9/14/2019 9:04,19
10/18/2019 9:04,13
8/20/2019 9:04,7
9/11/2019 9:04,8
10/1/2019 9:04,7
9/9/2019 9:04,10
10/30/2019 9:04,2
11/14/2019 9:04,3
9/20/2019 9:04,8
8/27/2019 9:04,17
11/24/2019 9:04,5
11/25/2019 9:04,2
11/29/2019 9:04,12
9/7/2019 9:04,3
8/29/2019 9:04,3
9/10/2019 9:04,15
11/23/2019 9:04,5
9/23/2019 9:04,9
11/17/2019 9:04,3
9/16/2019 9:04,7
9/27/2019 9:04,4
11/12/2019 9:04,19
9/28/2019 9:04,1
9/27/2019 9:04,18
8/30/2019 9:04,16
9/3/2019 9:04,10
8/4/2019 9:04,15
9/4/2019 9:04,2
8/25/2019 9:04,1
10/25/2019 9:04,15
8/1/2019 9:04,15
11/8/2019 9:04,1
9/30/2019 9:04,15
8/17/2019 9:04,5
8/28/2019 9:04,2
11/11/2019 9:04,19
8/7/2019 9:04,8
11/3/2019 9:04,10
10/28/2019 9:04,2
10/26/2019 9:04,17
11/9/2019 9:04,3
10/18/2019 9:04,7
11/22/2019 9:04,14
11/23/2019 9:04,13
11/28/2019 9:04,20
8/27/2019 9:04,10
11/19/2019 9:04,19
11/4/2019 9:04,21
11/30/2019 9:04,4
11/14/2019 9:04,12
8/26/2019 9:04,10
11/2/2019 9:04,10
9/14/2019 9:04,4
10/3/2019 9:04,5
9/11/2019 9:04,19
11/24/2019 9:04,18
10/5/2019 9:04,15
8/12/2019 9:04,7
11/29/2019 9:04,10
9/26/2019 9:04,2
8/29/2019 9:04,20
9/20/2019 9:04,5
8/9/2019 9:04,16
10/15/2019 9:04,15
10/4/2019 9:04,7
11/27/2019 9:04,16
11/21/2019 9:04,1
8/10/2019 9:04,14
9/21/2019 9:04,9
8/15/2019 9:04,9
10/9/2019 9:04,3
11/13/2019 9:04,1
10/7/2019 9:04,14
7/31/2019 9:04,6
8/14/2019 9:04,1
8/20/2019 9:04,12
10/17/2019 9:04,19
10/21/2019 9:04,20
9/18/2019 9:04,12
9/25/2019 9:04,18
10/13/2019 9:04,18
10/19/2019 9:04,8
11/15/2019 9:04,17
11/26/2019 9:04,3
8/24/2019 9:04,11
10/10/2019 9:04,8
10/22/2019 9:04,18
10/2/2019 9:04,14
11/5/2019 9:04,5
12/3/2019 9:04,5
9/13/2019 9:04,2
8/22/2019 9:04,15
12/2/2019 9:04,19
11/1/2019 9:04,5
9/2/2019 9:04,14
9/24/2019 9:04,3
8/5/2019 9:04,21
8/13/2019 9:04,14
8/31/2019 9:04,14
9/12/2019 9:04,11
10/1/2019 9:04,18
10/23/2019 9:04,12
10/30/2019 9:04,7
9/5/2019 9:04,8
8/6/2019 9:04,11
11/17/2019 9:04,13
12/1/2019 9:04,8
9/29/2019 9:04,18
8/11/2019 9:04,13
9/10/2019 9:04,21
8/21/2019 9:04,20
8/2/2019 9:04,11
10/31/2019 9:04,1
10/14/2019 9:04,12
10/24/2019 9:04,3
8/18/2019 9:04,10
9/9/2019 9:04,14
11/10/2019 9:04,19
9/6/2019 9:04,11
10/27/2019 9:04,16
11/25/2019 9:04,1
9/7/2019 9:04,19
11/16/2019 9:04,6
8/3/2019 9:04,5
10/29/2019 9:04,13
9/22/2019 9:04,18
9/23/2019 9:04,5
8/16/2019 9:04,9
10/6/2019 9:04,19
10/20/2019 9:04,19
11/6/2019 9:04,2
11/7/2019 9:04,19
9/15/2019 9:04,17
10/12/2019 9:04,11
9/16/2019 9:04,10
10/11/2019 9:04,4
8/19/2019 9:04,11
9/8/2019 9:04,8
9/17/2019 9:04,2
11/20/2019 9:04,11
10/8/2019 9:04,20
8/8/2019 9:04,4
8/23/2019 9:04,18
9/19/2019 9:04,8
10/16/2019 9:04,5
9/1/2019 9:04,5
11/18/2019 9:04,10
11/27/2019 9:04,10
11/21/2019 9:04,18
9/28/2019 9:04,5
10/12/2019 9:04,6
8/15/2019 9:04,14
9/11/2019 9:04,17
11/8/2019 9:04,12
11/24/2019 9:04,21
11/30/2019 9:04,12
10/22/2019 9:04,21
8/16/2019 9:04,20
11/29/2019 9:04,7
8/8/2019 9:04,21
9/7/2019 9:04,1
10/31/2019 9:04,5
11/19/2019 9:04,3
8/30/2019 9:04,19
9/25/2019 9:04,7
8/5/2019 9:04,10
12/2/2019 9:04,12
8/22/2019 9:04,13
10/21/2019 9:04,16
9/6/2019 9:04,3
10/17/2019 9:04,17
10/26/2019 9:04,21
8/7/2019 9:04,18
10/27/2019 9:04,21
8/23/2019 9:04,2
11/17/2019 9:04,20
11/12/2019 9:04,13
9/4/2019 9:04,13
9/30/2019 9:04,9
12/3/2019 9:04,3
9/22/2019 9:04,7
10/8/2019 9:04,11
10/30/2019 9:04,16
10/4/2019 9:04,8
10/5/2019 9:04,21
10/24/2019 9:04,11
8/24/2019 9:04,4
11/14/2019 9:04,6
9/1/2019 9:04,14
10/3/2019 9:04,15
11/23/2019 9:04,10
9/15/2019 9:04,9
8/21/2019 9:04,12
8/4/2019 9:04,13
9/16/2019 9:04,19
8/10/2019 9:04,21
11/1/2019 9:04,10
10/20/2019 9:04,12
11/9/2019 9:04,4
11/11/2019 9:04,15
8/13/2019 9:04,7
11/18/2019 9:04,4
9/29/2019 9:04,15
8/2/2019 9:04,8
9/10/2019 9:04,20
10/6/2019 9:04,15
11/22/2019 9:04,21
9/2/2019 9:04,9
10/2/2019 9:04,7
8/14/2019 9:04,17
11/26/2019 9:04,6
9/26/2019 9:04,13
8/29/2019 9:04,15
11/25/2019 9:04,11
10/16/2019 9:04,12
11/15/2019 9:04,7
11/7/2019 9:04,10
8/28/2019 9:04,17
10/1/2019 9:04,5
11/28/2019 9:04,1
10/28/2019 9:04,5
8/18/2019 9:04,5
10/7/2019 9:04,14
10/9/2019 9:04,8
8/25/2019 9:04,1
9/27/2019 9:04,18
8/3/2019 9:04,21
9/21/2019 9:04,14
8/1/2019 9:04,14
11/13/2019 9:04,17
8/11/2019 9:04,5
8/27/2019 9:04,18
10/10/2019 9:04,8
8/20/2019 9:04,9
9/18/2019 9:04,12
8/12/2019 9:04,10
9/17/2019 9:04,14
10/18/2019 9:04,19
10/19/2019 9:04,3
9/13/2019 9:04,7
8/31/2019 9:04,20
10/25/2019 9:04,3
8/17/2019 9:04,11
11/5/2019 9:04,16
9/20/2019 9:04,9
9/5/2019 9:04,8
12/1/2019 9:04,16
7/31/2019 9:04,13
11/10/2019 9:04,1
9/24/2019 9:04,2
11/4/2019 9:04,6
10/15/2019 9:04,2
9/12/2019 9:04,1
8/9/2019 9:04,14
8/19/2019 9:04,17
9/8/2019 9:04,12
11/6/2019 9:04,9
10/29/2019 9:04,1
10/14/2019 9:04,9
11/2/2019 9:04,4
8/6/2019 9:04,2
11/3/2019 9:04,9
9/3/2019 9:04,16
10/23/2019 9:04,2
9/19/2019 9:04,21
10/13/2019 9:04,20
9/9/2019 9:04,9
9/23/2019 9:04,3
9/14/2019 9:04,2
11/16/2019 9:04,7
11/20/2019 9:04,2
10/11/2019 9:04,11
8/26/2019 9:04,9
1/28/2019 3:00,13
6/25/2019 3:00,7
8/4/2019 3:00,21
11/26/2019 3:00,4
4/23/2019 3:00,9
3/9/2019 3:00,15
12/31/2019 3:00,10
9/6/2019 3:00,2
11/15/2019 3:00,19
3/3/2019 3:00,13
7/18/2019 3:00,13
12/28/2019 3:00,11
7/23/2019 3:00,19
10/25/2019 3:00,13
10/2/2019 3:00,11
2/24/2019 3:00,2
9/28/2019 3:00,9
11/1/2019 3:00,3
11/11/2019 3:00,18
7/3/2019 3:00,4
10/21/2019 3:00,11
1/11/2019 3:00,10
5/6/2019 3:00,17
5/16/2019 3:00,17
10/28/2019 3:00,15
5/12/2019 3:00,14
9/23/2019 3:00,7
10/4/2019 3:00,19
5/22/2019 3:00,10
5/2/2019 3:00,15
3/19/2019 3:00,7
5/24/2019 3:00,20
12/7/2019 3:00,14
5/4/2019 3:00,18
4/12/2019 3:00,9
8/13/2019 3:00,9
9/18/2019 3:00,17
6/4/2019 3:00,9
5/29/2019 3:00,8
10/23/2019 3:00,2
10/8/2019 3:00,18
4/11/2019 3:00,11
6/20/2019 3:00,3
5/19/2019 3:00,14
9/2/2019 3:00,21
7/21/2019 3:00,3
11/10/2019 3:00,1
10/27/2019 3:00,12
7/17/2019 3:00,15
10/14/2019 3:00,7
10/26/2019 3:00,7
3/1/2019 3:00,15
6/28/2019 3:00,4
1/30/2019 3:00,7
2/23/2019 3:00,3
8/3/2019 3:00,1
3/7/2019 3:00,12
3/2/2019 3:00,10
11/13/2019 3:00,2
8/28/2019 3:00,11
10/1/2019 3:00,11
6/17/2019 3:00,4
11/20/2019 3:00,15
6/10/2019 3:00,13
3/22/2019 3:00,21
7/6/2019 3:00,10
7/28/2019 3:00,11
4/28/2019 3:00,5
4/21/2019 3:00,14
8/18/2019 3:00,8
8/22/2019 3:00,11
10/2/2019 9:04,1
11/6/2019 9:04,13
8/20/2019 9:04,6
11/25/2019 9:04,18
9/4/2019 9:04,15
10/9/2019 9:04,6
11/16/2019 9:04,16
9/22/2019 9:04,18
11/17/2019 9:04,5
8/28/2019 9:04,2
9/1/2019 9:04,15
12/3/2019 9:04,13
9/27/2019 9:04,20
9/11/2019 9:04,3
8/2/2019 9:04,9
10/24/2019 9:04,1
9/16/2019 9:04,13
10/31/2019 9:04,13
10/11/2019 9:04,21
11/27/2019 9:04,18
9/21/2019 9:04,20
11/23/2019 9:04,8
8/3/2019 9:04,13
8/24/2019 9:04,9
8/30/2019 9:04,5
9/19/2019 9:04,13
8/22/2019 9:04,2
9/17/2019 9:04,8
11/2/2019 9:04,13
12/1/2019 9:04,9
11/8/2019 9:04,8
10/27/2019 9:04,13
10/10/2019 9:04,15
8/9/2019 9:04,5
8/18/2019 9:04,10
10/12/2019 9:04,15
11/12/2019 9:04,14
8/17/2019 9:04,4
8/23/2019 9:04,7
10/18/2019 9:04,8
10/21/2019 9:04,16
10/8/2019 9:04,7
11/30/2019 9:04,2
8/8/2019 9:04,5
8/6/2019 9:04,11
8/11/2019 9:04,7
10/19/2019 9:04,18
10/30/2019 9:04,4
9/5/2019 9:04,6
11/14/2019 9:04,18
7/31/2019 9:04,16
10/20/2019 9:04,2
8/4/2019 9:04,19
9/3/2019 9:04,15
8/7/2019 9:04,2
9/23/2019 9:04,1
10/3/2019 9:04,15
9/12/2019 9:04,18
8/26/2019 9:04,10
9/7/2019 9:04,2
10/23/2019 9:04,15
8/29/2019 9:04,2
10/28/2019 9:04,1
10/25/2019 9:04,5
11/4/2019 9:04,10
8/19/2019 9:04,7
10/6/2019 9:04,3
11/18/2019 9:04,15
11/29/2019 9:04,11
10/29/2019 9:04,4
10/22/2019 9:04,15
9/8/2019 9:04,4
12/2/2019 9:04,16
11/20/2019 9:04,18
8/27/2019 9:04,12
10/4/2019 9:04,4
8/13/2019 9:04,6
10/26/2019 9:04,9
11/24/2019 9:04,18
10/7/2019 9:04,11
9/20/2019 9:04,20
9/13/2019 9:04,13
9/2/2019 9:04,5
9/26/2019 9:04,3
8/21/2019 9:04,9
9/10/2019 9:04,18
11/28/2019 9:04,20
11/15/2019 9:04,5
10/15/2019 9:04,7
10/17/2019 9:04,12
10/13/2019 9:04,17
11/5/2019 9:04,4
8/1/2019 9:04,18
11/21/2019 9:04,5
9/28/2019 9:04,2
9/30/2019 9:04,4
9/18/2019 9:04,20
11/22/2019 9:04,20
8/12/2019 9:04,10
11/19/2019 9:04,9
10/1/2019 9:04,1
11/1/2019 9:04,19
11/3/2019 9:04,12
10/5/2019 9:04,6
9/14/2019 9:04,15
11/10/2019 9:04,9
10/16/2019 9:04,17
11/7/2019 9:04,1
9/25/2019 9:04,14
9/6/2019 9:04,6
9/15/2019 9:04,18
11/13/2019 9:04,18
11/9/2019 9:04,16
8/31/2019 9:04,9
8/5/2019 9:04,8
10/14/2019 9:04,4
8/14/2019 9:04,10
8/25/2019 9:04,15
11/11/2019 9:04,3
11/26/2019 9:04,15
8/15/2019 9:04,3
9/9/2019 9:04,8
8/10/2019 9:04,4
9/29/2019 9:04,8
8/16/2019 9:04,13
9/24/2019 9:04,20
7/1/2019 3:00,16
6/6/2019 3:00,17
8/21/2019 3:00,19
9/11/2019 3:00,18
4/30/2019 3:00,3
10/22/2019 3:00,8
6/8/2019 3:00,18
2/7/2019 3:00,16
1/15/2019 3:00,5
1/20/2019 3:00,21
9/4/2019 3:00,16
3/20/2019 3:00,1
9/14/2019 3:00,4
2/2/2019 3:00,10
7/8/2019 3:00,11
10/30/2019 3:00,13
9/30/2019 3:00,8
5/30/2019 3:00,8
2/1/2019 3:00,17
6/29/2019 3:00,6
4/26/2019 3:00,20
7/15/2019 3:00,20
5/31/2019 3:00,16
11/22/2019 3:00,14
10/20/2019 3:00,15
5/28/2019 3:00,8
3/31/2019 3:00,15
6/27/2019 3:00,10
11/30/2019 3:00,15
6/16/2019 3:00,9
2/11/2019 3:00,21
7/2/2019 3:00,15
1/8/2019 3:00,13
5/3/2019 3:00,1
10/13/2019 3:00,7
2/18/2019 3:00,9
11/16/2019 3:00,14
3/30/2019 3:00,18
12/27/2019 3:00,4
8/2/2019 3:00,7
5/15/2019 3:00,19
1/27/2019 3:00,10
7/14/2019 3:00,6
11/4/2019 3:00,15
11/18/2019 3:00,13
5/27/2019 3:00,13
1/4/2019 3:00,6
12/3/2019 3:00,14
4/2/2019 3:00,20
7/19/2019 3:00,3
4/6/2019 3:00,4
11/2/2019 3:00,13
2/17/2019 3:00,11
6/7/2019 3:00,14
7/11/2019 3:00,11
1/25/2019 3:00,6
2/4/2019 3:00,15
9/27/2019 3:00,7
4/24/2019 3:00,3
4/13/2019 3:00,16
8/30/2019 3:00,11
2/3/2019 3:00,6
6/2/2019 3:00,8
7/5/2019 3:00,2
10/16/2019 3:00,4
12/18/2019 3:00,10
7/29/2019 3:00,16
9/9/2019 3:00,12
6/19/2019 3:00,3
2/13/2019 3:00,12
11/24/2019 3:00,14
1/6/2019 3:00,15
6/12/2019 3:00,16
10/18/2019 3:00,5
1/22/2019 3:00,21
7/25/2019 3:00,13
1/1/2019 3:00,6
12/6/2019 3:00,10
3/5/2019 3:00,17
8/12/2019 3:00,2
3/16/2019 3:00,1
6/15/2019 3:00,6
11/6/2019 3:00,1
3/28/2019 3:00,4
11/7/2019 3:00,9
1/13/2019 3:00,21
6/22/2019 3:00,13
5/8/2019 3:00,4
12/2/2019 3:00,16
8/6/2019 3:00,20
10/24/2019 3:00,4
4/1/2019 3:00,19
12/21/2019 3:00,8
3/26/2019 3:00,5
10/5/2019 3:00,4
12/5/2019 3:00,10
12/15/2019 3:00,6
5/25/2019 3:00,17
2/6/2019 3:00,20
11/28/2019 3:00,20
1/21/2019 3:00,21
6/1/2019 3:00,6
9/7/2019 3:00,7
5/13/2019 3:00,19
10/19/2019 3:00,7
4/29/2019 3:00,9
6/24/2019 3:00,19
3/14/2019 3:00,15
8/14/2019 3:00,3
9/24/2019 3:00,18
11/12/2019 3:00,14
6/26/2019 3:00,17
9/10/2019 3:00,20
9/29/2019 3:00,6
4/3/2019 3:00,1
9/12/2019 3:00,3
9/21/2019 3:00,20
12/20/2019 3:00,18
1/23/2019 3:00,11
7/16/2019 3:00,8
7/13/2019 3:00,15
2/5/2019 3:00,3
8/10/2019 3:00,3
9/5/2019 3:00,5
8/17/2019 3:00,10
12/23/2019 3:00,20
12/12/2019 3:00,12
8/5/2019 3:00,9
12/19/2019 3:00,11
2/28/2019 3:00,1
8/7/2019 3:00,15
4/4/2019 3:00,7
5/23/2019 3:00,21
2/22/2019 3:00,1
8/16/2019 3:00,19
11/8/2019 3:00,3
3/23/2019 3:00,9
4/8/2019 3:00,9
3/6/2019 3:00,4
9/15/2019 3:00,2
12/14/2019 3:00,18
3/13/2019 3:00,2
12/29/2019 3:00,11
4/9/2019 3:00,4
2/15/2019 3:00,17
12/17/2019 3:00,6
7/4/2019 3:00,9
9/20/2019 3:00,16
12/16/2019 3:00,16
7/30/2019 3:00,2
7/7/2019 3:00,10
7/10/2019 3:00,1
5/14/2019 3:00,5
1/14/2019 3:00,21
7/31/2019 3:00,10
4/17/2019 3:00,10
6/11/2019 3:00,2
4/14/2019 3:00,3
8/20/2019 3:00,7
11/17/2019 3:00,11
12/22/2019 3:00,12
1/2/2019 3:00,20
6/21/2019 3:00,15
1/29/2019 3:00,11
6/18/2019 3:00,11
9/17/2019 3:00,15
3/8/2019 3:00,19
3/15/2019 3:00,15
8/25/2019 3:00,13
1/5/2019 3:00,19
2/21/2019 3:00,10
11/19/2019 3:00,9
8/11/2019 3:00,7
1/26/2019 3:00,9
2/12/2019 3:00,5
12/8/2019 3:00,5
4/22/2019 3:00,17
3/29/2019 3:00,7
9/3/2019 3:00,15
2/25/2019 3:00,10
10/11/2019 3:00,9
6/13/2019 3:00,14
3/18/2019 3:00,7
2/10/2019 3:00,17
11/14/2019 3:00,14
5/21/2019 3:00,4
8/31/2019 3:00,20
4/18/2019 3:00,9
2/9/2019 3:00,3
8/27/2019 3:00,13
2/14/2019 3:00,16
8/9/2019 3:00,14
7/24/2019 3:00,3
8/26/2019 3:00,13
4/10/2019 3:00,16
3/21/2019 3:00,16
8/1/2019 3:00,3
10/9/2019 3:00,18
5/7/2019 3:00,6
1/31/2019 3:00,6
3/11/2019 3:00,8
11/25/2019 3:00,10
2/26/2019 3:00,13
7/20/2019 3:00,18
6/3/2019 3:00,12
12/10/2019 3:00,10
7/12/2019 3:00,8
1/10/2019 3:00,15
12/25/2019 3:00,5
9/13/2019 3:00,12
4/25/2019 3:00,13
10/7/2019 3:00,18
11/27/2019 3:00,12
3/12/2019 3:00,6
10/10/2019 3:00,6
4/15/2019 3:00,15
4/20/2019 3:00,3
9/8/2019 3:00,16
12/30/2019 3:00,13
5/10/2019 3:00,1
5/17/2019 3:00,11
3/17/2019 3:00,8
1/18/2019 3:00,15
1/9/2019 3:00,16
6/30/2019 3:00,4
9/22/2019 3:00,11
2/16/2019 3:00,17
7/22/2019 3:00,11
11/3/2019 3:00,10
3/27/2019 3:00,14
1/16/2019 3:00,4
3/25/2019 3:00,7
10/31/2019 3:00,17
2/20/2019 3:00,10
3/4/2019 3:00,10
12/11/2019 3:00,16
10/6/2019 3:00,10
6/23/2019 3:00,6
2/27/2019 3:00,2
3/10/2019 3:00,1
2/8/2019 3:00,18
1/24/2019 3:00,1
6/9/2019 3:00,1
5/18/2019 3:00,13
11/9/2019 3:00,5
7/27/2019 3:00,4
9/1/2019 3:00,14
4/5/2019 3:00,10
5/1/2019 3:00,21
9/16/2019 3:00,13
5/26/2019 3:00,17
5/5/2019 3:00,6
11/23/2019 3:00,10
9/26/2019 3:00,5
11/5/2019 3:00,3
5/9/2019 3:00,9
8/23/2019 3:00,16
1/12/2019 3:00,5
4/16/2019 3:00,4
10/3/2019 3:00,2
10/29/2019 3:00,5
6/5/2019 3:00,7
8/19/2019 3:00,18
12/13/2019 3:00,15
11/21/2019 3:00,3
12/24/2019 3:00,11
7/26/2019 3:00,2
12/26/2019 3:00,19
12/9/2019 3:00,12
10/17/2019 3:00,2
2/19/2019 3:00,18
8/8/2019 3:00,6
3/24/2019 3:00,21
5/11/2019 3:00,14
12/4/2019 3:00,13
5/20/2019 3:00,19
4/27/2019 3:00,13
11/29/2019 3:00,9
1/3/2019 3:00,11
10/12/2019 3:00,6
4/19/2019 3:00,2
9/19/2019 3:00,13
12/1/2019 3:00,9
1/19/2019 3:00,4
6/14/2019 3:00,21
8/24/2019 3:00,4
10/15/2019 3:00,17
1/17/2019 3:00,16
7/9/2019 3:00,17
8/15/2019 3:00,21
8/29/2019 3:00,7
9/25/2019 3:00,14
1/7/2019 3:00,19
4/7/2019 3:00,2
10/17/2019 9:04,7
8/20/2019 9:04,4
9/10/2019 9:04,13
9/26/2019 9:04,6
11/16/2019 9:04,21
11/29/2019 9:04,1
10/4/2019 9:04,3
8/15/2019 9:04,18
9/2/2019 9:04,16
9/24/2019 9:04,12
8/16/2019 9:04,12
11/20/2019 9:04,7
10/24/2019 9:04,9
11/2/2019 9:04,15
10/31/2019 9:04,8
11/15/2019 9:04,11
8/10/2019 9:04,11
11/21/2019 9:04,10
10/8/2019 9:04,1
10/12/2019 9:04,2
9/19/2019 9:04,21
8/17/2019 9:04,12
10/2/2019 9:04,12
8/13/2019 9:04,7
9/11/2019 9:04,10
9/29/2019 9:04,16
9/3/2019 9:04,11
10/1/2019 9:04,5
8/26/2019 9:04,19
9/27/2019 9:04,9
9/20/2019 9:04,9
10/5/2019 9:04,10
10/23/2019 9:04,5
11/1/2019 9:04,21
11/14/2019 9:04,13
12/1/2019 9:04,19
10/6/2019 9:04,2
11/27/2019 9:04,5
8/2/2019 9:04,17
8/11/2019 9:04,16
10/18/2019 9:04,16
11/11/2019 9:04,2
11/8/2019 9:04,9
8/8/2019 9:04,4
8/18/2019 9:04,18
9/12/2019 9:04,1
9/18/2019 9:04,17
11/25/2019 9:04,14
12/2/2019 9:04,19
12/3/2019 9:04,13
8/3/2019 9:04,13
8/28/2019 9:04,9
9/30/2019 9:04,20
11/13/2019 9:04,7
11/6/2019 9:04,4
9/28/2019 9:04,1
11/30/2019 9:04,19
10/19/2019 9:04,10
10/16/2019 9:04,8
11/10/2019 9:04,21
8/4/2019 9:04,19
11/28/2019 9:04,19
10/28/2019 9:04,4
10/21/2019 9:04,10
8/25/2019 9:04,3
9/14/2019 9:04,10
8/12/2019 9:04,10
8/7/2019 9:04,7
11/5/2019 9:04,16
9/16/2019 9:04,13
8/6/2019 9:04,15
9/8/2019 9:04,20
10/14/2019 9:04,12
8/19/2019 9:04,16
11/17/2019 9:04,4
11/18/2019 9:04,21
11/9/2019 9:04,11
9/7/2019 9:04,2
8/24/2019 9:04,11
9/22/2019 9:04,19
11/12/2019 9:04,17
8/23/2019 9:04,1
10/26/2019 9:04,6
9/23/2019 9:04,17
9/13/2019 9:04,13
11/19/2019 9:04,15
11/23/2019 9:04,19
11/26/2019 9:04,14
8/14/2019 9:04,8
10/29/2019 9:04,17
8/1/2019 9:04,21
10/27/2019 9:04,15
11/3/2019 9:04,9
9/15/2019 9:04,10
8/30/2019 9:04,20
11/7/2019 9:04,17
10/13/2019 9:04,8
9/9/2019 9:04,4
10/30/2019 9:04,15
10/11/2019 9:04,5
8/31/2019 9:04,4
9/25/2019 9:04,21
9/4/2019 9:04,3
10/22/2019 9:04,5
7/31/2019 9:04,5
11/24/2019 9:04,8
9/1/2019 9:04,7
9/6/2019 9:04,9
9/5/2019 9:04,15
10/3/2019 9:04,15
8/5/2019 9:04,16
10/9/2019 9:04,4
8/29/2019 9:04,1
8/9/2019 9:04,9
10/20/2019 9:04,16
9/21/2019 9:04,12
10/10/2019 9:04,11
11/22/2019 9:04,16
8/21/2019 9:04,21
10/25/2019 9:04,9
8/22/2019 9:04,10
11/4/2019 9:04,1
9/17/2019 9:04,11
10/7/2019 9:04,7
10/15/2019 9:04,17
8/27/2019 9:04,5
9/2/2019 3:00,10
1/11/2019 3:00,3
2/7/2019 3:00,14
10/25/2019 3:00,16
1/31/2019 3:00,13
7/11/2019 3:00,9
5/9/2019 3:00,8
3/27/2019 3:00,19
6/27/2019 3:00,9
4/28/2019 3:00,21
12/4/2019 3:00,15
8/26/2019 3:00,6
7/28/2019 3:00,16
1/20/2019 3:00,6
7/21/2019 3:00,18
7/20/2019 3:00,21
12/10/2019 3:00,18
11/10/2019 3:00,6
9/14/2019 3:00,12
5/21/2019 3:00,16
2/21/2019 3:00,15
7/22/2019 3:00,17
11/12/2019 3:00,11
2/14/2019 3:00,3
11/5/2019 3:00,15
7/27/2019 3:00,20
4/3/2019 3:00,16
8/14/2019 3:00,18
12/5/2019 3:00,1
9/1/2019 3:00,19
10/20/2019 3:00,1
9/21/2019 3:00,11
3/18/2019 3:00,18
11/23/2019 3:00,19
11/6/2019 3:00,4
10/15/2019 3:00,7
11/28/2019 3:00,12
11/25/2019 3:00,5
5/18/2019 3:00,1
6/4/2019 3:00,1
7/5/2019 3:00,20
11/24/2019 3:00,6
3/29/2019 3:00,17
11/14/2019 3:00,9
1/10/2019 3:00,10
11/2/2019 3:00,3
10/5/2019 3:00,14
2/17/2019 3:00,12
10/4/2019 3:00,9
5/2/2019 3:00,20
1/8/2019 3:00,3
8/8/2019 3:00,8
1/6/2019 3:00,13
8/13/2019 3:00,12
10/11/2019 3:00,16
5/24/2019 3:00,4
12/14/2019 3:00,13
5/15/2019 3:00,5
5/28/2019 3:00,20
11/29/2019 3:00,16
10/6/2019 3:00,9
5/13/2019 3:00,11
6/8/2019 3:00,13
12/19/2019 3:00,17
9/26/2019 3:00,9
2/11/2019 3:00,1
10/31/2019 3:00,13
4/6/2019 3:00,11
2/25/2019 3:00,15
7/24/2019 3:00,10
12/25/2019 3:00,18
10/8/2019 3:00,13
4/29/2019 3:00,7
4/4/2019 3:00,1
9/7/2019 3:00,7
10/12/2019 3:00,6
4/4/2019 3:00,6
1/9/2019 3:00,1
7/18/2019 3:00,6
6/2/2019 3:00,5
2/27/2019 3:00,19
9/22/2019 3:00,18
12/7/2019 3:00,1
12/12/2019 3:00,6
1/3/2019 3:00,5
1/1/2019 3:00,9
3/15/2019 3:00,21
5/6/2019 3:00,16
7/21/2019 3:00,7
7/6/2019 3:00,21
9/15/2019 3:00,10
2/25/2019 3:00,14
8/31/2019 3:00,17
6/5/2019 3:00,3
6/6/2019 3:00,9
3/20/2019 3:00,4
9/11/2019 3:00,3
9/19/2019 3:00,11
4/5/2019 3:00,11
8/23/2019 3:00,4
10/26/2019 3:00,3
5/31/2019 3:00,18
11/21/2019 3:00,8
5/3/2019 3:00,2
7/1/2019 3:00,14
5/30/2019 3:00,7
12/22/2019 3:00,3
4/13/2019 3:00,2
2/6/2019 3:00,10
10/8/2019 3:00,9
7/29/2019 3:00,3
2/13/2019 3:00,4
7/23/2019 3:00,5
4/1/2019 3:00,19
8/18/2019 3:00,12
5/15/2019 3:00,12
5/23/2019 3:00,15
8/1/2019 3:00,13
10/10/2019 3:00,21
6/14/2019 3:00,16
12/24/2019 3:00,13
8/24/2019 3:00,12
3/4/2019 3:00,19
1/4/2019 3:00,5
3/1/2019 3:00,14
9/12/2019 3:00,7
3/25/2019 3:00,21
10/28/2019 3:00,8
9/24/2019 3:00,14
1/25/2019 3:00,1
8/27/2019 3:00,5
9/25/2019 3:00,19
5/28/2019 3:00,10
1/5/2019 3:00,6
6/13/2019 3:00,7
12/20/2019 3:00,13
7/16/2019 3:00,18
1/10/2019 3:00,19
5/4/2019 3:00,6
2/10/2019 3:00,20
11/8/2019 3:00,19
7/10/2019 3:00,21
3/16/2019 3:00,17
2/11/2019 3:00,20
8/28/2019 3:00,5
12/28/2019 3:00,20
10/26/2019 3:00,18
8/8/2019 3:00,20
1/12/2019 3:00,8
3/27/2019 3:00,12
6/3/2019 3:00,3
9/12/2019 3:00,21
4/25/2019 3:00,21
1/19/2019 3:00,7
2/15/2019 3:00,8
1/23/2019 3:00,19
7/22/2019 3:00,10
9/22/2019 3:00,15
1/18/2019 3:00,14
5/29/2019 3:00,1
11/26/2019 3:00,1
11/20/2019 3:00,8
6/18/2019 3:00,6
2/18/2019 3:00,11
5/15/2019 3:00,3
1/6/2019 3:00,19
10/10/2019 3:00,20
10/14/2019 3:00,18
12/2/2019 3:00,14
9/11/2019 3:00,5
4/25/2019 3:00,13
7/22/2019 3:00,1
4/15/2019 3:00,3
4/10/2019 3:00,19
4/22/2019 3:00,15
1/12/2019 3:00,2
8/6/2019 3:00,3
9/5/2019 3:00,9
3/22/2019 3:00,11
6/9/2019 3:00,17
8/16/2019 3:00,7
2/28/2019 3:00,7
10/1/2019 3:00,2
8/4/2019 3:00,15
12/7/2019 3:00,13
3/21/2019 3:00,11
12/6/2019 3:00,9
6/18/2019 3:00,6
6/13/2019 3:00,6
9/9/2019 3:00,6
3/31/2019 3:00,20
12/18/2019 3:00,11
1/2/2019 3:00,2
12/29/2019 3:00,8
6/14/2019 3:00,11
2/12/2019 3:00,5
1/13/2019 3:00,12
12/11/2019 3:00,6
8/20/2019 3:00,12
8/15/2019 3:00,15
6/12/2019 3:00,5
3/11/2019 3:00,13
7/8/2019 3:00,19
1/14/2019 3:00,12
8/9/2019 3:00,21
12/12/2019 3:00,11
2/23/2019 3:00,1
9/18/2019 3:00,20
3/25/2019 3:00,12
12/9/2019 3:00,2
2/22/2019 3:00,9
10/12/2019 3:00,16
5/16/2019 3:00,4
1/18/2019 3:00,20
9/5/2019 3:00,20
5/30/2019 3:00,7
8/4/2019 3:00,4
10/18/2019 3:00,18
2/8/2019 3:00,5
5/11/2019 3:00,9
4/10/2019 3:00,8
7/15/2019 3:00,17
5/6/2019 3:00,21
9/3/2019 3:00,16
5/7/2019 3:00,7
5/13/2019 3:00,21
7/17/2019 3:00,12
3/15/2019 3:00,9
8/7/2019 3:00,10
7/2/2019 3:00,5
2/18/2019 3:00,9
1/28/2019 3:00,2
12/13/2019 3:00,12
10/12/2019 3:00,20
3/10/2019 3:00,15
7/6/2019 3:00,4
4/11/2019 3:00,12
1/31/2019 3:00,11
1/15/2019 3:00,9
5/4/2019 3:00,18
5/10/2019 3:00,1
12/26/2019 3:00,20
11/16/2019 3:00,9
2/19/2019 3:00,21
11/27/2019 3:00,16
7/13/2019 3:00,3
7/23/2019 3:00,7
4/3/2019 3:00,12
10/20/2019 3:00,10
11/9/2019 3:00,6
9/23/2019 3:00,15
2/5/2019 3:00,19
3/11/2019 3:00,11
1/16/2019 3:00,9
9/28/2019 3:00,10
4/30/2019 3:00,1
9/10/2019 3:00,6
3/20/2019 3:00,21
11/30/2019 3:00,11
10/11/2019 3:00,4
6/14/2019 3:00,18
7/8/2019 3:00,11
9/6/2019 3:00,3
8/21/2019 3:00,18
8/5/2019 3:00,16
10/19/2019 3:00,12
9/13/2019 3:00,17
4/15/2019 3:00,9
12/27/2019 3:00,3
8/21/2019 3:00,6
3/25/2019 3:00,7
4/6/2019 3:00,7
7/30/2019 3:00,11
7/12/2019 3:00,15
5/12/2019 3:00,18
5/19/2019 3:00,8
5/11/2019 3:00,5
9/24/2019 3:00,8
4/27/2019 3:00,3
6/28/2019 3:00,12
12/3/2019 3:00,7
4/2/2019 3:00,12
1/1/2019 3:00,11
12/19/2019 3:00,2
11/8/2019 3:00,19
8/26/2019 3:00,9
3/28/2019 3:00,1
12/29/2019 3:00,13
3/29/2019 3:00,16
12/13/2019 3:00,20
4/8/2019 3:00,20
5/30/2019 3:00,16
3/13/2019 3:00,16
4/7/2019 3:00,18
6/9/2019 3:00,1
2/23/2019 3:00,2
8/17/2019 3:00,4
8/24/2019 3:00,9
2/9/2019 3:00,11
12/7/2019 3:00,18
5/14/2019 3:00,12
6/2/2019 3:00,5
11/19/2019 3:00,3
9/28/2019 3:00,12
3/22/2019 3:00,14
7/19/2019 3:00,17
2/3/2019 3:00,15
3/13/2019 3:00,5
12/8/2019 3:00,6
10/27/2019 3:00,21
8/10/2019 3:00,20
9/4/2019 3:00,14
11/11/2019 3:00,19
10/31/2019 3:00,17
10/30/2019 3:00,7
9/10/2019 3:00,8
10/10/2019 3:00,2
11/7/2019 3:00,1
11/8/2019 3:00,3
12/28/2019 3:00,2
2/23/2019 3:00,6
6/8/2019 3:00,11
12/31/2019 3:00,1
9/8/2019 3:00,2
7/27/2019 3:00,11
4/5/2019 3:00,20
5/26/2019 3:00,11
3/1/2019 3:00,11
10/17/2019 3:00,17
10/27/2019 3:00,19
8/1/2019 3:00,1
3/9/2019 3:00,14
6/10/2019 3:00,14
5/27/2019 3:00,1
2/2/2019 3:00,12
6/9/2019 3:00,21
3/4/2019 3:00,3
3/21/2019 3:00,15
1/14/2019 3:00,1
4/14/2019 3:00,10
4/7/2019 3:00,17
7/4/2019 3:00,7
3/12/2019 3:00,12
5/5/2019 3:00,13
2/22/2019 3:00,8
8/30/2019 3:00,20
6/16/2019 3:00,9
1/30/2019 3:00,4
8/8/2019 3:00,13
4/20/2019 3:00,6
2/28/2019 3:00,8
1/2/2019 3:00,17
9/20/2019 3:00,16
2/28/2019 3:00,2
7/17/2019 3:00,16
5/4/2019 3:00,12
1/27/2019 3:00,13
8/20/2019 3:00,9
7/14/2019 3:00,17
2/14/2019 3:00,5
10/23/2019 3:00,17
6/24/2019 3:00,15
9/17/2019 3:00,4
7/8/2019 3:00,18
8/17/2019 3:00,15
5/20/2019 3:00,17
8/29/2019 3:00,18
6/6/2019 3:00,1
11/26/2019 3:00,2
4/16/2019 3:00,2
6/10/2019 3:00,14
5/10/2019 3:00,18
6/22/2019 3:00,15
9/21/2019 3:00,4
2/27/2019 3:00,10
12/13/2019 3:00,13
9/27/2019 3:00,11
9/28/2019 3:00,11
10/11/2019 3:00,21
1/21/2019 3:00,12
6/28/2019 3:00,20
3/30/2019 3:00,13
10/13/2019 3:00,16
8/29/2019 3:00,13
4/11/2019 3:00,3
8/22/2019 3:00,9
1/25/2019 3:00,16
1/27/2019 3:00,5
11/26/2019 3:00,4
7/28/2019 3:00,10
4/19/2019 3:00,14
11/4/2019 3:00,5
7/1/2019 3:00,21
11/18/2019 3:00,19
7/31/2019 3:00,1
8/6/2019 3:00,10
6/12/2019 3:00,6
5/19/2019 3:00,1
4/13/2019 3:00,6
8/28/2019 3:00,6
7/31/2019 3:00,15
11/17/2019 3:00,18
8/7/2019 3:00,11
11/13/2019 3:00,9
5/25/2019 3:00,15
7/15/2019 3:00,7
6/23/2019 3:00,9
12/26/2019 3:00,8
2/16/2019 3:00,1
6/10/2019 3:00,18
7/27/2019 3:00,21
12/14/2019 3:00,4
6/25/2019 3:00,21
2/17/2019 3:00,11
10/16/2019 3:00,1
1/29/2019 3:00,3
4/24/2019 3:00,4
5/25/2019 3:00,17
7/6/2019 3:00,1
4/27/2019 3:00,1
7/7/2019 3:00,18
9/16/2019 3:00,20
2/5/2019 3:00,18
9/4/2019 3:00,11
5/13/2019 3:00,4
10/3/2019 3:00,6
6/16/2019 3:00,15
4/4/2019 3:00,20
7/20/2019 3:00,8
5/6/2019 3:00,20
11/16/2019 3:00,12
10/19/2019 3:00,14
1/26/2019 3:00,9
10/6/2019 3:00,6
4/12/2019 3:00,13
8/10/2019 3:00,12
6/19/2019 3:00,13
8/20/2019 3:00,2
5/31/2019 3:00,11
3/19/2019 3:00,12
3/6/2019 3:00,11
4/21/2019 3:00,6
7/25/2019 3:00,1
9/27/2019 3:00,2
4/18/2019 3:00,18
11/11/2019 3:00,16
10/15/2019 3:00,12
6/19/2019 3:00,21
6/22/2019 3:00,21
7/18/2019 3:00,14
9/2/2019 3:00,12
2/4/2019 3:00,17
8/15/2019 3:00,5
2/7/2019 3:00,13
1/3/2019 3:00,8
12/11/2019 3:00,2
10/19/2019 3:00,5
6/24/2019 3:00,1
8/11/2019 3:00,14
1/21/2019 3:00,14
6/4/2019 3:00,4
12/3/2019 3:00,5
10/22/2019 3:00,5
9/19/2019 3:00,16
4/27/2019 3:00,10
9/7/2019 3:00,21
7/3/2019 3:00,19
3/3/2019 3:00,4
12/1/2019 3:00,4
1/13/2019 3:00,3
2/16/2019 3:00,13
2/21/2019 3:00,2
2/22/2019 3:00,7
5/14/2019 3:00,11
1/9/2019 3:00,19
3/7/2019 3:00,16
4/22/2019 3:00,11
10/21/2019 3:00,19
4/9/2019 3:00,18
3/23/2019 3:00,14
5/5/2019 3:00,20
10/1/2019 3:00,14
7/12/2019 3:00,3
5/5/2019 3:00,1
5/1/2019 3:00,6
3/8/2019 3:00,9
5/27/2019 3:00,3
11/25/2019 3:00,21
10/29/2019 3:00,11
3/6/2019 3:00,10
6/30/2019 3:00,7
3/16/2019 3:00,17
6/29/2019 3:00,9
7/11/2019 3:00,5
10/24/2019 3:00,11
10/15/2019 3:00,17
11/21/2019 3:00,5
12/15/2019 3:00,13
12/16/2019 3:00,6
10/6/2019 3:00,14
6/7/2019 3:00,9
1/23/2019 3:00,20
7/28/2019 3:00,11
3/26/2019 3:00,12
5/9/2019 3:00,17
4/30/2019 3:00,13
1/24/2019 3:00,18
5/16/2019 3:00,10
11/6/2019 3:00,1
8/14/2019 3:00,18
11/23/2019 3:00,3
6/26/2019 3:00,5
3/5/2019 3:00,2
11/24/2019 3:00,21
3/4/2019 3:00,4
12/17/2019 3:00,5
2/2/2019 3:00,15
12/24/2019 3:00,18
9/15/2019 3:00,1
7/18/2019 3:00,2
3/18/2019 3:00,15
3/24/2019 3:00,18
10/26/2019 3:00,6
7/9/2019 3:00,1
1/22/2019 3:00,3
11/2/2019 3:00,8
6/26/2019 3:00,3
9/8/2019 3:00,8
12/27/2019 3:00,19
12/6/2019 3:00,8
11/2/2019 3:00,5
1/30/2019 3:00,9
11/17/2019 3:00,8
9/9/2019 3:00,2
5/29/2019 3:00,14
8/2/2019 3:00,4
6/29/2019 3:00,10
6/27/2019 3:00,3
10/25/2019 3:00,2
6/26/2019 3:00,7
11/30/2019 3:00,7
10/1/2019 3:00,1
4/8/2019 3:00,6
1/6/2019 3:00,11
8/19/2019 3:00,1
5/22/2019 3:00,20
8/12/2019 3:00,2
5/25/2019 3:00,18
12/20/2019 3:00,13
12/31/2019 3:00,20
11/19/2019 3:00,16
9/17/2019 3:00,12
6/23/2019 3:00,16
1/20/2019 3:00,1
7/16/2019 3:00,14
10/7/2019 3:00,8
6/7/2019 3:00,6
2/3/2019 3:00,12
3/17/2019 3:00,12
10/27/2019 3:00,14
1/11/2019 3:00,14
7/24/2019 3:00,13
6/1/2019 3:00,20
12/11/2019 3:00,21
2/14/2019 3:00,20
4/15/2019 3:00,10
1/15/2019 3:00,16
6/8/2019 3:00,15
9/17/2019 3:00,10
11/21/2019 3:00,1
3/9/2019 3:00,8
3/26/2019 3:00,11
6/3/2019 3:00,6
5/17/2019 3:00,19
4/9/2019 3:00,3
1/18/2019 3:00,1
12/1/2019 3:00,5
8/25/2019 3:00,13
8/22/2019 3:00,2
11/6/2019 3:00,19
4/24/2019 3:00,9
4/26/2019 3:00,1
12/10/2019 3:00,19
7/31/2019 3:00,2
1/29/2019 3:00,16
5/8/2019 3:00,7
10/18/2019 3:00,9
12/21/2019 3:00,2
9/30/2019 3:00,21
5/9/2019 3:00,21
8/5/2019 3:00,9
5/3/2019 3:00,5
3/5/2019 3:00,2
8/22/2019 3:00,2
11/1/2019 3:00,18
11/30/2019 3:00,8
5/18/2019 3:00,8
8/19/2019 3:00,4
1/17/2019 3:00,6
2/25/2019 3:00,9
11/7/2019 3:00,20
6/13/2019 3:00,12
8/31/2019 3:00,1
7/3/2019 3:00,5
6/15/2019 3:00,16
11/5/2019 3:00,7
1/19/2019 3:00,21
2/27/2019 3:00,10
6/17/2019 3:00,4
8/29/2019 3:00,18
5/17/2019 3:00,3
2/26/2019 3:00,1
1/17/2019 3:00,3
2/24/2019 3:00,6
10/31/2019 3:00,1
3/19/2019 3:00,9
10/9/2019 3:00,2
10/7/2019 3:00,8
3/30/2019 3:00,8
4/21/2019 3:00,19
6/21/2019 3:00,13
12/12/2019 3:00,12
4/17/2019 3:00,15
10/17/2019 3:00,4
8/10/2019 3:00,8
2/10/2019 3:00,16
1/9/2019 3:00,20
10/4/2019 3:00,21
9/14/2019 3:00,14
5/23/2019 3:00,19
7/23/2019 3:00,19
4/20/2019 3:00,12
6/5/2019 3:00,13
6/20/2019 3:00,18
8/23/2019 3:00,17
12/9/2019 3:00,13
10/28/2019 3:00,5
12/2/2019 3:00,15
4/26/2019 3:00,10
2/7/2019 3:00,21
11/22/2019 3:00,12
11/28/2019 3:00,7
3/12/2019 3:00,9
10/7/2019 3:00,14
7/9/2019 3:00,17
3/24/2019 3:00,21
12/30/2019 3:00,6
4/30/2019 3:00,2
8/28/2019 3:00,13
2/1/2019 3:00,13
6/17/2019 3:00,3
3/14/2019 3:00,1
8/19/2019 3:00,3
3/2/2019 3:00,16
11/3/2019 3:00,4
6/15/2019 3:00,8
8/25/2019 3:00,17
3/16/2019 3:00,12
2/17/2019 3:00,6
1/22/2019 3:00,17
9/6/2019 3:00,10
3/21/2019 3:00,13
3/23/2019 3:00,18
2/21/2019 3:00,18
5/24/2019 3:00,1
9/30/2019 3:00,11
11/13/2019 3:00,18
4/14/2019 3:00,6
3/31/2019 3:00,7
11/18/2019 3:00,1
1/8/2019 3:00,16
12/14/2019 3:00,1
6/11/2019 3:00,8
11/15/2019 3:00,19
10/2/2019 3:00,18
8/3/2019 3:00,19
6/17/2019 3:00,3
5/22/2019 3:00,19
4/23/2019 3:00,15
12/25/2019 3:00,3
10/17/2019 3:00,11
3/17/2019 3:00,17
11/18/2019 3:00,13
12/16/2019 3:00,13
4/7/2019 3:00,3
10/13/2019 3:00,15
5/21/2019 3:00,18
2/20/2019 3:00,10
3/9/2019 3:00,8
11/3/2019 3:00,8
8/31/2019 3:00,20
12/23/2019 3:00,14
1/17/2019 3:00,2
11/29/2019 3:00,12
6/21/2019 3:00,19
10/21/2019 3:00,19
5/8/2019 3:00,15
9/7/2019 3:00,14
1/4/2019 3:00,11
7/26/2019 3:00,10
9/29/2019 3:00,13
8/17/2019 3:00,20
1/7/2019 3:00,8
12/18/2019 3:00,2
7/3/2019 3:00,1
2/16/2019 3:00,9
6/12/2019 3:00,7
11/9/2019 3:00,10
8/23/2019 3:00,4
9/24/2019 3:00,20
7/13/2019 3:00,10
12/29/2019 3:00,2
10/23/2019 3:00,7
2/4/2019 3:00,8
9/21/2019 3:00,4
5/14/2019 3:00,8
12/9/2019 3:00,12
5/8/2019 3:00,12
10/9/2019 3:00,12
10/30/2019 3:00,7
4/1/2019 3:00,19
7/1/2019 3:00,10
4/11/2019 3:00,17
3/2/2019 3:00,17
3/22/2019 3:00,10
3/15/2019 3:00,2
8/18/2019 3:00,4
4/23/2019 3:00,8
10/3/2019 3:00,10
12/3/2019 3:00,17
1/13/2019 3:00,20
1/10/2019 3:00,20
6/30/2019 3:00,5
8/13/2019 3:00,12
12/4/2019 3:00,12
7/10/2019 3:00,8
8/4/2019 3:00,20
9/22/2019 3:00,19
9/5/2019 3:00,19
8/27/2019 3:00,19
9/6/2019 3:00,16
11/29/2019 3:00,1
11/15/2019 3:00,8
12/24/2019 3:00,17
3/23/2019 3:00,12
7/19/2019 3:00,4
10/21/2019 3:00,8
11/12/2019 3:00,16
1/31/2019 3:00,8
4/18/2019 3:00,11
8/18/2019 3:00,6
3/19/2019 3:00,10
11/19/2019 3:00,16
5/1/2019 3:00,13
3/28/2019 3:00,4
12/16/2019 3:00,15
2/8/2019 3:00,4
7/2/2019 3:00,15
6/16/2019 3:00,1
9/20/2019 3:00,2
4/9/2019 3:00,9
6/20/2019 3:00,1
3/11/2019 3:00,21
4/20/2019 3:00,2
9/3/2019 3:00,19
4/16/2019 3:00,16
3/14/2019 3:00,16
7/4/2019 3:00,7
3/14/2019 3:00,20
10/22/2019 3:00,5
7/14/2019 3:00,16
7/26/2019 3:00,3
6/29/2019 3:00,11
12/31/2019 3:00,16
2/4/2019 3:00,10
10/2/2019 3:00,5
2/13/2019 3:00,6
5/23/2019 3:00,21
4/6/2019 3:00,14
7/15/2019 3:00,16
1/12/2019 3:00,2
3/29/2019 3:00,5
6/5/2019 3:00,19
4/29/2019 3:00,4
1/25/2019 3:00,7
10/8/2019 3:00,20
5/18/2019 3:00,10
4/28/2019 3:00,21
12/2/2019 3:00,20
8/7/2019 3:00,18
12/21/2019 3:00,16
8/27/2019 3:00,11
3/13/2019 3:00,21
6/30/2019 3:00,18
2/19/2019 3:00,9
9/23/2019 3:00,10
7/11/2019 3:00,9
4/19/2019 3:00,5
11/12/2019 3:00,5
7/26/2019 3:00,15
1/8/2019 3:00,4
4/2/2019 3:00,15
3/26/2019 3:00,7
5/26/2019 3:00,10
11/4/2019 3:00,17
8/2/2019 3:00,21
9/18/2019 3:00,6
6/18/2019 3:00,14
8/12/2019 3:00,21
4/22/2019 3:00,8
5/12/2019 3:00,11
9/16/2019 3:00,1
2/15/2019 3:00,17
3/12/2019 3:00,21
3/18/2019 3:00,18
8/14/2019 3:00,5
2/20/2019 3:00,4
1/24/2019 3:00,9
6/22/2019 3:00,7
9/23/2019 3:00,2
9/27/2019 3:00,6
2/26/2019 3:00,2
6/3/2019 3:00,19
9/3/2019 3:00,20
6/25/2019 3:00,2
11/27/2019 3:00,20
11/24/2019 3:00,17
3/24/2019 3:00,11
3/10/2019 3:00,1
5/12/2019 3:00,11
3/7/2019 3:00,19
9/26/2019 3:00,18
9/12/2019 3:00,19
6/11/2019 3:00,15
8/3/2019 3:00,7
9/1/2019 3:00,3
4/25/2019 3:00,18
3/17/2019 3:00,5
1/20/2019 3:00,8
9/29/2019 3:00,13
7/20/2019 3:00,1
4/21/2019 3:00,11
11/11/2019 3:00,6
6/1/2019 3:00,14
3/31/2019 3:00,6
7/7/2019 3:00,5
4/28/2019 3:00,15
12/30/2019 3:00,1
8/16/2019 3:00,2
11/28/2019 3:00,13
7/12/2019 3:00,9
9/25/2019 3:00,15
8/25/2019 3:00,21
1/2/2019 3:00,9
4/16/2019 3:00,9
11/14/2019 3:00,13
10/25/2019 3:00,16
5/7/2019 3:00,10
5/27/2019 3:00,18
9/25/2019 3:00,16
1/14/2019 3:00,2
9/11/2019 3:00,20
10/22/2019 3:00,19
1/11/2019 3:00,2
11/4/2019 3:00,1
10/14/2019 3:00,3
12/25/2019 3:00,11
12/17/2019 3:00,2
6/15/2019 3:00,6
7/10/2019 3:00,15
1/30/2019 3:00,12
11/20/2019 3:00,17
10/9/2019 3:00,6
7/5/2019 3:00,19
6/24/2019 3:00,3
10/3/2019 3:00,11
3/28/2019 3:00,1
6/28/2019 3:00,13
6/25/2019 3:00,12
5/2/2019 3:00,20
12/17/2019 3:00,4
1/21/2019 3:00,6
8/24/2019 3:00,12
1/28/2019 3:00,21
10/29/2019 3:00,2
5/16/2019 3:00,12
4/2/2019 3:00,4
2/18/2019 3:00,16
5/10/2019 3:00,10
5/17/2019 3:00,17
8/6/2019 3:00,21
7/29/2019 3:00,17
4/17/2019 3:00,20
7/5/2019 3:00,19
12/4/2019 3:00,16
6/6/2019 3:00,16
10/18/2019 3:00,2
4/3/2019 3:00,1
4/10/2019 3:00,2
6/23/2019 3:00,8
3/8/2019 3:00,12
3/30/2019 3:00,8
4/1/2019 3:00,19
8/11/2019 3:00,15
1/22/2019 3:00,20
1/5/2019 3:00,11
12/19/2019 3:00,20
12/20/2019 3:00,9
4/19/2019 3:00,8
10/30/2019 3:00,15
4/5/2019 3:00,14
1/29/2019 3:00,18
5/3/2019 3:00,13
11/10/2019 3:00,16
11/1/2019 3:00,7
5/20/2019 3:00,21
2/9/2019 3:00,19
9/14/2019 3:00,12
5/20/2019 3:00,16
8/21/2019 3:00,8
6/21/2019 3:00,8
6/7/2019 3:00,10
3/6/2019 3:00,10
2/26/2019 3:00,8
9/2/2019 3:00,10
11/5/2019 3:00,15
12/6/2019 3:00,5
11/9/2019 3:00,13
4/24/2019 3:00,15
1/4/2019 3:00,5
2/2/2019 3:00,8
10/16/2019 3:00,8
8/1/2019 3:00,17
2/8/2019 3:00,2
2/20/2019 3:00,11
7/13/2019 3:00,8
12/5/2019 3:00,20
1/1/2019 3:00,17
10/20/2019 3:00,14
11/15/2019 3:00,10
2/24/2019 3:00,5
8/3/2019 3:00,11
10/24/2019 3:00,2
11/27/2019 3:00,9
7/16/2019 3:00,2
3/3/2019 3:00,20
6/1/2019 3:00,17
1/27/2019 3:00,11
1/23/2019 3:00,13
2/10/2019 3:00,12
3/27/2019 3:00,20
10/29/2019 3:00,8
4/13/2019 3:00,1
9/19/2019 3:00,19
7/21/2019 3:00,21
10/23/2019 3:00,5
10/14/2019 3:00,19
1/26/2019 3:00,7
5/19/2019 3:00,2
7/29/2019 3:00,8
6/11/2019 3:00,15
12/15/2019 3:00,15
4/8/2019 3:00,15
1/7/2019 3:00,17
4/26/2019 3:00,7
1/28/2019 3:00,16
7/25/2019 3:00,8
9/30/2019 3:00,1
3/7/2019 3:00,19
11/22/2019 3:00,10
12/23/2019 3:00,5
10/13/2019 3:00,20
11/3/2019 3:00,10
3/10/2019 3:00,16
10/28/2019 3:00,3
1/19/2019 3:00,13
12/18/2019 3:00,15
9/16/2019 3:00,17
1/16/2019 3:00,6
1/3/2019 3:00,15
2/11/2019 3:00,8
9/26/2019 3:00,11
9/29/2019 3:00,2
5/26/2019 3:00,20
5/29/2019 3:00,20
8/9/2019 3:00,14
8/2/2019 3:00,5
7/17/2019 3:00,12
6/20/2019 3:00,17
8/30/2019 3:00,2
11/14/2019 3:00,21
3/1/2019 3:00,3
10/4/2019 3:00,17
2/12/2019 3:00,14
9/10/2019 3:00,7
10/16/2019 3:00,14
11/25/2019 3:00,14
6/19/2019 3:00,10
3/20/2019 3:00,11
8/26/2019 3:00,21
2/19/2019 3:00,16
1/5/2019 3:00,19
9/20/2019 3:00,17
1/7/2019 3:00,14
12/28/2019 3:00,2
11/17/2019 3:00,12
2/12/2019 3:00,17
2/6/2019 3:00,15
9/4/2019 3:00,10
12/30/2019 3:00,12
2/6/2019 3:00,20
2/13/2019 3:00,10
11/16/2019 3:00,17
2/5/2019 3:00,2
4/18/2019 3:00,20
9/13/2019 3:00,10
7/24/2019 3:00,13
4/12/2019 3:00,18
3/5/2019 3:00,10
12/1/2019 3:00,8
11/7/2019 3:00,5
8/15/2019 3:00,7
12/22/2019 3:00,12
3/3/2019 3:00,4
5/28/2019 3:00,20
10/5/2019 3:00,18
2/1/2019 3:00,3
12/15/2019 3:00,8
5/7/2019 3:00,15
1/15/2019 3:00,10
12/21/2019 3:00,4
2/1/2019 3:00,3
1/24/2019 3:00,18
7/25/2019 3:00,21
12/10/2019 3:00,20
9/13/2019 3:00,9
4/12/2019 3:00,20
2/24/2019 3:00,14
7/14/2019 3:00,17
5/22/2019 3:00,15
12/8/2019 3:00,14
10/2/2019 3:00,15
5/1/2019 3:00,10
4/17/2019 3:00,1
4/29/2019 3:00,1
12/22/2019 3:00,17
5/24/2019 3:00,11
6/27/2019 3:00,2
9/8/2019 3:00,14
12/26/2019 3:00,6
9/1/2019 3:00,12
7/9/2019 3:00,8
4/23/2019 3:00,19
7/30/2019 3:00,7
7/7/2019 3:00,7
7/2/2019 3:00,8
6/2/2019 3:00,13
1/26/2019 3:00,12
9/15/2019 3:00,8
6/4/2019 3:00,9
7/30/2019 3:00,7
4/14/2019 3:00,8
10/5/2019 3:00,4
11/20/2019 3:00,18
5/2/2019 3:00,17
1/16/2019 3:00,12
12/23/2019 3:00,8
2/3/2019 3:00,6
2/9/2019 3:00,21
7/19/2019 3:00,20
11/10/2019 3:00,2
11/13/2019 3:00,21
8/30/2019 3:00,10
12/27/2019 3:00,5
8/12/2019 3:00,18
5/11/2019 3:00,3
2/15/2019 3:00,4
12/8/2019 3:00,10
8/11/2019 3:00,9
8/13/2019 3:00,15
11/22/2019 3:00,15
8/9/2019 3:00,12
3/8/2019 3:00,10
8/5/2019 3:00,11
5/21/2019 3:00,6
11/23/2019 3:00,21
5/31/2019 3:00,15
11/1/2019 3:00,2
10/24/2019 3:00,8
3/2/2019 3:00,13
8/16/2019 3:00,6
7/4/2019 3:00,11
9/18/2019 3:00,16
9/9/2019 3:00,12
12/5/2019 3:00,2
1/1/2019 0:00,19
1/2/2019 0:00,11
1/3/2019 0:00,4
1/4/2019 0:00,16
1/5/2019 0:00,15
1/6/2019 0:00,12
1/7/2019 0:00,2
1/8/2019 0:00,7
1/9/2019 0:00,5
1/10/2019 0:00,11
1/11/2019 0:00,10
1/12/2019 0:00,10
1/13/2019 0:00,17
1/14/2019 0:00,10
1/15/2019 0:00,1
1/16/2019 0:00,11
1/17/2019 0:00,4
1/18/2019 0:00,7
1/19/2019 0:00,21
1/20/2019 0:00,15
1/21/2019 0:00,21
1/22/2019 0:00,3
1/23/2019 0:00,8
1/24/2019 0:00,14
1/25/2019 0:00,6
1/26/2019 0:00,10
1/27/2019 0:00,16
1/28/2019 0:00,3
1/29/2019 0:00,14
1/30/2019 0:00,20
1/31/2019 0:00,2
2/1/2019 0:00,13
2/2/2019 0:00,19
2/3/2019 0:00,14
2/4/2019 0:00,9
2/5/2019 0:00,16
2/6/2019 0:00,20
2/7/2019 0:00,21
2/8/2019 0:00,18
2/9/2019 0:00,6
2/10/2019 0:00,20
2/11/2019 0:00,3
2/12/2019 0:00,16
2/13/2019 0:00,15
2/14/2019 0:00,1
2/15/2019 0:00,19
2/16/2019 0:00,12
2/17/2019 0:00,19
2/18/2019 0:00,5
2/19/2019 0:00,19
2/20/2019 0:00,9
2/21/2019 0:00,2
2/22/2019 0:00,18
2/23/2019 0:00,16
2/24/2019 0:00,2
2/25/2019 0:00,6
2/26/2019 0:00,17
2/27/2019 0:00,3
2/28/2019 0:00,4
3/1/2019 0:00,16
3/2/2019 0:00,10
3/3/2019 0:00,4
3/4/2019 0:00,15
3/5/2019 0:00,13
3/6/2019 0:00,12
3/7/2019 0:00,16
3/8/2019 0:00,3
3/9/2019 0:00,15
3/10/2019 0:00,3
3/11/2019 0:00,11
3/12/2019 0:00,12
3/13/2019 0:00,10
3/14/2019 0:00,18
3/15/2019 0:00,13
3/16/2019 0:00,13
3/17/2019 0:00,7
3/18/2019 0:00,8
3/19/2019 0:00,16
3/20/2019 0:00,20
3/21/2019 0:00,14
3/22/2019 0:00,19
3/23/2019 0:00,19
3/24/2019 0:00,6
3/25/2019 0:00,4
3/26/2019 0:00,20
3/27/2019 0:00,1
3/28/2019 0:00,1
3/29/2019 0:00,21
3/30/2019 0:00,7
3/31/2019 0:00,18
4/1/2019 0:00,19
4/2/2019 0:00,12
4/3/2019 0:00,4
4/4/2019 0:00,18
4/5/2019 0:00,6
4/6/2019 0:00,5
4/7/2019 0:00,3
4/8/2019 0:00,9
4/9/2019 0:00,4
4/10/2019 0:00,10
4/11/2019 0:00,14
4/12/2019 0:00,1
4/13/2019 0:00,17
4/14/2019 0:00,19
4/15/2019 0:00,7
4/16/2019 0:00,7
4/17/2019 0:00,12
4/18/2019 0:00,2
4/19/2019 0:00,18
4/20/2019 0:00,11
4/21/2019 0:00,19
4/22/2019 0:00,20
4/23/2019 0:00,16
4/24/2019 0:00,9
4/25/2019 0:00,3
4/26/2019 0:00,2
4/27/2019 0:00,16
4/28/2019 0:00,7
4/29/2019 0:00,5
4/30/2019 0:00,3
5/1/2019 0:00,2
5/2/2019 0:00,3
5/3/2019 0:00,4
5/4/2019 0:00,9
5/5/2019 0:00,12
5/6/2019 0:00,16
5/7/2019 0:00,19
5/8/2019 0:00,12
5/9/2019 0:00,16
5/10/2019 0:00,9
5/11/2019 0:00,5
5/12/2019 0:00,17
5/13/2019 0:00,1
5/14/2019 0:00,18
5/15/2019 0:00,15
5/16/2019 0:00,9
5/17/2019 0:00,17
5/18/2019 0:00,5
5/19/2019 0:00,16
5/20/2019 0:00,12
5/21/2019 0:00,11
5/22/2019 0:00,7
5/23/2019 0:00,19
5/24/2019 0:00,15
5/25/2019 0:00,2
5/26/2019 0:00,20
5/27/2019 0:00,14
5/28/2019 0:00,10
5/29/2019 0:00,3
5/30/2019 0:00,13
5/31/2019 0:00,1
6/1/2019 0:00,21
6/2/2019 0:00,5
6/3/2019 0:00,14
6/4/2019 0:00,2
6/5/2019 0:00,16
6/6/2019 0:00,2
6/7/2019 0:00,14
6/8/2019 0:00,11
6/9/2019 0:00,2
6/10/2019 0:00,18
6/11/2019 0:00,4
6/12/2019 0:00,9
6/13/2019 0:00,10
6/14/2019 0:00,19
6/15/2019 0:00,6
6/16/2019 0:00,13
6/17/2019 0:00,20
6/18/2019 0:00,4
6/19/2019 0:00,5
6/20/2019 0:00,13
6/21/2019 0:00,15
6/22/2019 0:00,21
6/23/2019 0:00,3
6/24/2019 0:00,3
6/25/2019 0:00,9
6/26/2019 0:00,5
6/27/2019 0:00,7
6/28/2019 0:00,14
6/29/2019 0:00,19
6/30/2019 0:00,13
7/1/2019 0:00,3
7/2/2019 0:00,21
7/3/2019 0:00,12
7/4/2019 0:00,2
7/5/2019 0:00,21
7/6/2019 0:00,13
7/7/2019 0:00,5
7/8/2019 0:00,9
7/9/2019 0:00,11
7/10/2019 0:00,1
7/11/2019 0:00,3
7/12/2019 0:00,19
7/13/2019 0:00,6
7/14/2019 0:00,9
7/15/2019 0:00,11
7/16/2019 0:00,17
7/17/2019 0:00,16
7/18/2019 0:00,21
7/19/2019 0:00,12
7/20/2019 0:00,13
7/21/2019 0:00,6
7/22/2019 0:00,14
7/23/2019 0:00,21
7/24/2019 0:00,2
7/25/2019 0:00,2
7/26/2019 0:00,8
7/27/2019 0:00,9
7/28/2019 0:00,10
7/29/2019 0:00,14
7/30/2019 0:00,17
7/31/2019 0:00,11
8/1/2019 0:00,13
8/2/2019 0:00,18
8/3/2019 0:00,18
8/4/2019 0:00,19
8/5/2019 0:00,14
8/6/2019 0:00,19
8/7/2019 0:00,13
8/8/2019 0:00,7
8/9/2019 0:00,14
8/10/2019 0:00,10
8/11/2019 0:00,16
8/12/2019 0:00,10
8/13/2019 0:00,16
8/14/2019 0:00,12
8/15/2019 0:00,21
8/16/2019 0:00,3
8/17/2019 0:00,20
8/18/2019 0:00,6
8/19/2019 0:00,2
8/20/2019 0:00,7
8/21/2019 0:00,3
8/22/2019 0:00,1
8/23/2019 0:00,18
8/24/2019 0:00,16
8/25/2019 0:00,12
8/26/2019 0:00,21
8/27/2019 0:00,15
8/28/2019 0:00,3
8/29/2019 0:00,10
8/30/2019 0:00,14
8/31/2019 0:00,11
9/1/2019 0:00,2
9/2/2019 0:00,11
9/3/2019 0:00,1
9/4/2019 0:00,13
9/5/2019 0:00,16
9/6/2019 0:00,7
9/7/2019 0:00,9
9/8/2019 0:00,13
9/9/2019 0:00,11
9/10/2019 0:00,6
9/11/2019 0:00,8
9/12/2019 0:00,13
9/13/2019 0:00,4
9/14/2019 0:00,19
9/15/2019 0:00,7
9/16/2019 0:00,21
9/17/2019 0:00,17
9/18/2019 0:00,20
9/19/2019 0:00,13
9/20/2019 0:00,11
9/21/2019 0:00,16
9/22/2019 0:00,1
9/23/2019 0:00,11
9/24/2019 0:00,19
9/25/2019 0:00,6
9/26/2019 0:00,19
9/27/2019 0:00,16
9/28/2019 0:00,2
9/29/2019 0:00,11
9/30/2019 0:00,10
10/1/2019 0:00,15
10/2/2019 0:00,9
10/3/2019 0:00,3
10/4/2019 0:00,21
10/5/2019 0:00,2
10/6/2019 0:00,4
10/7/2019 0:00,20
10/8/2019 0:00,4
10/9/2019 0:00,21
10/10/2019 0:00,15
10/11/2019 0:00,13
10/12/2019 0:00,8
10/13/2019 0:00,10
10/14/2019 0:00,13
10/15/2019 0:00,3
10/16/2019 0:00,14
10/17/2019 0:00,4
10/18/2019 0:00,16
10/19/2019 0:00,17
10/20/2019 0:00,16
10/21/2019 0:00,13
10/22/2019 0:00,3
10/23/2019 0:00,17
10/24/2019 0:00,16
10/25/2019 0:00,20
10/26/2019 0:00,8
10/27/2019 0:00,8
10/28/2019 0:00,13
10/29/2019 0:00,16
10/30/2019 0:00,8
10/31/2019 0:00,13
11/1/2019 0:00,20
11/2/2019 0:00,11
11/3/2019 0:00,17
11/4/2019 0:00,6
11/5/2019 0:00,18
11/6/2019 0:00,4
11/7/2019 0:00,13
11/8/2019 0:00,10
11/9/2019 0:00,21
11/10/2019 0:00,8
11/11/2019 0:00,1
11/12/2019 0:00,8
11/13/2019 0:00,8
11/14/2019 0:00,16
11/15/2019 0:00,4
11/16/2019 0:00,2
11/17/2019 0:00,7
11/18/2019 0:00,15
11/19/2019 0:00,15
11/20/2019 0:00,16
11/21/2019 0:00,14
11/22/2019 0:00,5
11/23/2019 0:00,10
11/24/2019 0:00,2
11/25/2019 0:00,6
11/26/2019 0:00,20
11/27/2019 0:00,6
11/28/2019 0:00,19
11/29/2019 0:00,10
11/30/2019 0:00,15
12/1/2019 0:00,16
12/2/2019 0:00,10
12/3/2019 0:00,21
12/4/2019 0:00,5
12/5/2019 0:00,12
12/6/2019 0:00,10
12/7/2019 0:00,2
12/8/2019 0:00,17
12/9/2019 0:00,16
12/10/2019 0:00,4
12/11/2019 0:00,6
12/12/2019 0:00,16
12/13/2019 0:00,14
12/14/2019 0:00,6
12/15/2019 0:00,15
12/16/2019 0:00,18
12/17/2019 0:00,17
12/18/2019 0:00,12
12/19/2019 0:00,8
12/20/2019 0:00,6
12/21/2019 0:00,1
12/22/2019 0:00,9
12/23/2019 0:00,6
12/24/2019 0:00,7
12/25/2019 0:00,19
12/26/2019 0:00,5
12/27/2019 0:00,12
12/28/2019 0:00,3
12/29/2019 0:00,20
12/30/2019 0:00,1
12/31/2019 0:00,5
1/1/2019 0:00,16
1/2/2019 0:00,8
1/3/2019 0:00,9
1/4/2019 0:00,20
1/5/2019 0:00,19
1/6/2019 0:00,3
1/7/2019 0:00,18
1/8/2019 0:00,8
1/9/2019 0:00,3
1/10/2019 0:00,12
1/11/2019 0:00,7
1/12/2019 0:00,7
1/13/2019 0:00,13
1/14/2019 0:00,3
1/15/2019 0:00,5
1/16/2019 0:00,21
1/17/2019 0:00,15
1/18/2019 0:00,18
1/19/2019 0:00,10
1/20/2019 0:00,5
1/21/2019 0:00,11
1/22/2019 0:00,1
1/23/2019 0:00,9
1/24/2019 0:00,9
1/25/2019 0:00,3
1/26/2019 0:00,11
1/27/2019 0:00,21
1/28/2019 0:00,4
1/29/2019 0:00,14
1/30/2019 0:00,17
1/31/2019 0:00,1
2/1/2019 0:00,10
2/2/2019 0:00,2
2/3/2019 0:00,21
2/4/2019 0:00,9
2/5/2019 0:00,15
2/6/2019 0:00,15
2/7/2019 0:00,11
2/8/2019 0:00,18
2/9/2019 0:00,15
2/10/2019 0:00,11
2/11/2019 0:00,9
2/12/2019 0:00,2
2/13/2019 0:00,12
2/14/2019 0:00,10
2/15/2019 0:00,14
2/16/2019 0:00,12
2/17/2019 0:00,14
2/18/2019 0:00,13
2/19/2019 0:00,14
2/20/2019 0:00,19
2/21/2019 0:00,2
2/22/2019 0:00,20
2/23/2019 0:00,9
2/24/2019 0:00,12
2/25/2019 0:00,7
2/26/2019 0:00,19
2/27/2019 0:00,14
2/28/2019 0:00,7
3/1/2019 0:00,3
3/2/2019 0:00,14
3/3/2019 0:00,13
3/4/2019 0:00,5
3/5/2019 0:00,15
3/6/2019 0:00,12
3/7/2019 0:00,7
3/8/2019 0:00,16
3/9/2019 0:00,19
3/10/2019 0:00,8
3/11/2019 0:00,18
3/12/2019 0:00,17
3/13/2019 0:00,8
3/14/2019 0:00,15
3/15/2019 0:00,9
3/16/2019 0:00,15
3/17/2019 0:00,5
3/18/2019 0:00,1
3/19/2019 0:00,17
3/20/2019 0:00,4
3/21/2019 0:00,5
3/22/2019 0:00,14
3/23/2019 0:00,11
3/24/2019 0:00,3
3/25/2019 0:00,2
3/26/2019 0:00,7
3/27/2019 0:00,6
3/28/2019 0:00,11
3/29/2019 0:00,4
3/30/2019 0:00,20
3/31/2019 0:00,1
4/1/2019 0:00,13
4/2/2019 0:00,19
4/3/2019 0:00,12
4/4/2019 0:00,6
4/5/2019 0:00,19
4/6/2019 0:00,5
4/7/2019 0:00,13
4/8/2019 0:00,5
4/9/2019 0:00,8
4/10/2019 0:00,10
4/11/2019 0:00,19
4/12/2019 0:00,12
4/13/2019 0:00,20
4/14/2019 0:00,12
4/15/2019 0:00,4
4/16/2019 0:00,13
4/17/2019 0:00,7
4/18/2019 0:00,9
4/19/2019 0:00,8
4/20/2019 0:00,18
4/21/2019 0:00,18
4/22/2019 0:00,4
4/23/2019 0:00,7
4/24/2019 0:00,6
4/25/2019 0:00,13
4/26/2019 0:00,12
4/27/2019 0:00,5
4/28/2019 0:00,7
4/29/2019 0:00,13
4/30/2019 0:00,14
5/1/2019 0:00,7
5/2/2019 0:00,7
1/1/2019 0:00,6
1/2/2019 0:00,5
1/3/2019 0:00,17
1/4/2019 0:00,14
1/5/2019 0:00,19
1/6/2019 0:00,9
1/7/2019 0:00,11
1/8/2019 0:00,9
1/9/2019 0:00,20
1/10/2019 0:00,4
1/11/2019 0:00,19
1/12/2019 0:00,16
1/13/2019 0:00,19
1/14/2019 0:00,1
1/15/2019 0:00,3
1/16/2019 0:00,20
1/17/2019 0:00,19
1/18/2019 0:00,5
1/19/2019 0:00,7
1/20/2019 0:00,18
1/21/2019 0:00,7
1/22/2019 0:00,3
1/23/2019 0:00,11
1/24/2019 0:00,1
1/25/2019 0:00,11
1/26/2019 0:00,3
1/27/2019 0:00,20
1/28/2019 0:00,7
1/29/2019 0:00,10
1/30/2019 0:00,1
1/31/2019 0:00,9
2/1/2019 0:00,8
2/2/2019 0:00,14
2/3/2019 0:00,8
2/4/2019 0:00,5
2/5/2019 0:00,20
2/6/2019 0:00,14
2/7/2019 0:00,17
2/8/2019 0:00,8
2/9/2019 0:00,21
2/10/2019 0:00,5
2/11/2019 0:00,2
2/12/2019 0:00,14
2/13/2019 0:00,17
2/14/2019 0:00,3
2/15/2019 0:00,13
2/16/2019 0:00,8
2/17/2019 0:00,19
2/18/2019 0:00,5
2/19/2019 0:00,18
2/20/2019 0:00,11
2/21/2019 0:00,13
2/22/2019 0:00,1
2/23/2019 0:00,14
2/24/2019 0:00,15
2/25/2019 0:00,7
2/26/2019 0:00,8
2/27/2019 0:00,7
2/28/2019 0:00,13
3/1/2019 0:00,14
3/2/2019 0:00,17
3/3/2019 0:00,11
3/4/2019 0:00,1
3/5/2019 0:00,8
3/6/2019 0:00,3
3/7/2019 0:00,15
3/8/2019 0:00,8
3/9/2019 0:00,8
3/10/2019 0:00,20
3/11/2019 0:00,15
3/12/2019 0:00,2
3/13/2019 0:00,11
3/14/2019 0:00,16
3/15/2019 0:00,19
3/16/2019 0:00,21
3/17/2019 0:00,12
3/18/2019 0:00,3
3/19/2019 0:00,5
3/20/2019 0:00,2
3/21/2019 0:00,4
3/22/2019 0:00,20
3/23/2019 0:00,3
3/24/2019 0:00,17
3/25/2019 0:00,15
3/26/2019 0:00,11
3/27/2019 0:00,2
3/28/2019 0:00,12
3/29/2019 0:00,21
3/30/2019 0:00,15
3/31/2019 0:00,16
4/1/2019 0:00,11
4/2/2019 0:00,16
4/3/2019 0:00,3
4/4/2019 0:00,6
4/5/2019 0:00,18
4/6/2019 0:00,3
4/7/2019 0:00,12
4/8/2019 0:00,9
4/9/2019 0:00,8
4/10/2019 0:00,2
4/11/2019 0:00,6
4/12/2019 0:00,11
4/13/2019 0:00,16
4/14/2019 0:00,19
4/15/2019 0:00,3
4/16/2019 0:00,21
4/17/2019 0:00,6
4/18/2019 0:00,20
4/19/2019 0:00,10
4/20/2019 0:00,3
4/21/2019 0:00,18
4/22/2019 0:00,4
4/23/2019 0:00,12
4/24/2019 0:00,9
4/25/2019 0:00,18
4/26/2019 0:00,19
4/27/2019 0:00,1
4/28/2019 0:00,21
4/29/2019 0:00,11
4/30/2019 0:00,1
5/1/2019 0:00,4
5/2/2019 0:00,13
