datetime,Impact,estimated hours 
1/1/2019 0:00,5,19
1/1/2019 0:00,3,16
1/1/2019 0:00,5,6
1/1/2019 3:00,1,19
1/1/2019 3:00,3,14
1/1/2019 3:00,4,3
1/1/2019 3:00,4,6
1/1/2019 3:00,5,9
1/1/2019 3:00,3,11
1/1/2019 3:00,5,17
1/10/2019 0:00,4,11
1/10/2019 0:00,5,12
1/10/2019 0:00,5,4
1/10/2019 3:00,1,10
1/10/2019 3:00,2,10
1/10/2019 3:00,3,19
1/10/2019 3:00,5,15
1/10/2019 3:00,5,10
1/10/2019 3:00,4,19
1/10/2019 3:00,4,20
1/11/2019 0:00,2,10
1/11/2019 0:00,1,7
1/11/2019 0:00,3,19
1/11/2019 3:00,3,13
1/11/2019 3:00,3,13
1/11/2019 3:00,5,11
1/11/2019 3:00,2,10
1/11/2019 3:00,5,3
1/11/2019 3:00,1,14
1/11/2019 3:00,1,2
1/12/2019 0:00,4,10
1/12/2019 0:00,2,7
1/12/2019 0:00,5,16
1/12/2019 3:00,4,11
1/12/2019 3:00,4,10
1/12/2019 3:00,4,21
1/12/2019 3:00,5,5
1/12/2019 3:00,2,8
1/12/2019 3:00,2,2
1/12/2019 3:00,1,2
1/13/2019 0:00,1,17
1/13/2019 0:00,1,13
1/13/2019 0:00,4,19
1/13/2019 3:00,5,8
1/13/2019 3:00,5,20
1/13/2019 3:00,2,7
1/13/2019 3:00,3,21
1/13/2019 3:00,5,12
1/13/2019 3:00,1,3
1/13/2019 3:00,5,20
1/14/2019 0:00,4,10
1/14/2019 0:00,3,3
1/14/2019 0:00,3,1
1/14/2019 3:00,4,13
1/14/2019 3:00,1,15
1/14/2019 3:00,2,3
1/14/2019 3:00,3,21
1/14/2019 3:00,1,12
1/14/2019 3:00,1,1
1/14/2019 3:00,3,2
1/15/2019 0:00,5,1
1/15/2019 0:00,2,5
1/15/2019 0:00,4,3
1/15/2019 3:00,4,18
1/15/2019 3:00,5,9
1/15/2019 3:00,2,2
1/15/2019 3:00,5,5
1/15/2019 3:00,1,9
1/15/2019 3:00,3,16
1/15/2019 3:00,3,10
1/16/2019 0:00,5,11
1/16/2019 0:00,2,21
1/16/2019 0:00,1,20
1/16/2019 3:00,2,1
1/16/2019 3:00,3,2
1/16/2019 3:00,1,21
1/16/2019 3:00,1,4
1/16/2019 3:00,3,9
1/16/2019 3:00,3,6
1/16/2019 3:00,2,12
1/17/2019 0:00,3,4
1/17/2019 0:00,4,15
1/17/2019 0:00,2,19
1/17/2019 3:00,4,14
1/17/2019 3:00,2,11
1/17/2019 3:00,4,8
1/17/2019 3:00,2,16
1/17/2019 3:00,3,6
1/17/2019 3:00,1,3
1/17/2019 3:00,2,2
1/18/2019 0:00,5,7
1/18/2019 0:00,5,18
1/18/2019 0:00,2,5
1/18/2019 3:00,2,5
1/18/2019 3:00,5,21
1/18/2019 3:00,1,12
1/18/2019 3:00,5,15
1/18/2019 3:00,1,14
1/18/2019 3:00,1,20
1/18/2019 3:00,3,1
1/19/2019 0:00,5,21
1/19/2019 0:00,3,10
1/19/2019 0:00,1,7
1/19/2019 3:00,3,5
1/19/2019 3:00,5,12
1/19/2019 3:00,5,6
1/19/2019 3:00,4,4
1/19/2019 3:00,3,7
1/19/2019 3:00,1,21
1/19/2019 3:00,3,13
1/2/2019 0:00,5,11
1/2/2019 0:00,5,8
1/2/2019 0:00,5,5
1/2/2019 3:00,4,2
1/2/2019 3:00,3,19
1/2/2019 3:00,5,7
1/2/2019 3:00,4,20
1/2/2019 3:00,2,2
1/2/2019 3:00,2,17
1/2/2019 3:00,2,9
1/20/2019 0:00,2,15
1/20/2019 0:00,2,5
1/20/2019 0:00,5,18
1/20/2019 3:00,2,4
1/20/2019 3:00,5,19
1/20/2019 3:00,3,4
1/20/2019 3:00,3,21
1/20/2019 3:00,4,6
1/20/2019 3:00,2,1
1/20/2019 3:00,5,8
1/21/2019 0:00,2,21
1/21/2019 0:00,2,11
1/21/2019 0:00,5,7
1/21/2019 3:00,3,15
1/21/2019 3:00,2,20
1/21/2019 3:00,5,18
1/21/2019 3:00,5,21
1/21/2019 3:00,4,12
1/21/2019 3:00,2,14
1/21/2019 3:00,1,6
1/22/2019 0:00,2,3
1/22/2019 0:00,2,1
1/22/2019 0:00,5,3
1/22/2019 3:00,1,16
1/22/2019 3:00,1,14
1/22/2019 3:00,2,11
1/22/2019 3:00,3,21
1/22/2019 3:00,3,3
1/22/2019 3:00,3,17
1/22/2019 3:00,1,20
1/23/2019 0:00,4,8
1/23/2019 0:00,2,9
1/23/2019 0:00,4,11
1/23/2019 3:00,1,3
1/23/2019 3:00,3,10
1/23/2019 3:00,3,19
1/23/2019 3:00,2,11
1/23/2019 3:00,5,19
1/23/2019 3:00,5,20
1/23/2019 3:00,4,13
1/24/2019 0:00,1,14
1/24/2019 0:00,4,9
1/24/2019 0:00,2,1
1/24/2019 3:00,3,15
1/24/2019 3:00,2,10
1/24/2019 3:00,2,7
1/24/2019 3:00,4,1
1/24/2019 3:00,4,18
1/24/2019 3:00,1,9
1/24/2019 3:00,5,18
1/25/2019 0:00,1,6
1/25/2019 0:00,5,3
1/25/2019 0:00,2,11
1/25/2019 3:00,5,15
1/25/2019 3:00,5,3
1/25/2019 3:00,1,11
1/25/2019 3:00,1,6
1/25/2019 3:00,4,1
1/25/2019 3:00,5,16
1/25/2019 3:00,4,7
1/26/2019 0:00,2,10
1/26/2019 0:00,5,11
1/26/2019 0:00,2,3
1/26/2019 3:00,3,7
1/26/2019 3:00,4,16
1/26/2019 3:00,5,2
1/26/2019 3:00,1,9
1/26/2019 3:00,3,9
1/26/2019 3:00,5,7
1/26/2019 3:00,5,12
1/27/2019 0:00,5,16
1/27/2019 0:00,1,21
1/27/2019 0:00,5,20
1/27/2019 3:00,2,9
1/27/2019 3:00,5,21
1/27/2019 3:00,1,16
1/27/2019 3:00,3,10
1/27/2019 3:00,4,13
1/27/2019 3:00,3,5
1/27/2019 3:00,5,11
1/28/2019 0:00,2,3
1/28/2019 0:00,3,4
1/28/2019 0:00,2,7
1/28/2019 3:00,5,12
1/28/2019 3:00,3,7
1/28/2019 3:00,5,17
1/28/2019 3:00,1,13
1/28/2019 3:00,4,2
1/28/2019 3:00,3,21
1/28/2019 3:00,5,16
1/29/2019 0:00,1,14
1/29/2019 0:00,1,14
1/29/2019 0:00,5,10
1/29/2019 3:00,4,7
1/29/2019 3:00,2,4
1/29/2019 3:00,5,5
1/29/2019 3:00,1,11
1/29/2019 3:00,2,3
1/29/2019 3:00,1,16
1/29/2019 3:00,3,18
1/3/2019 0:00,4,4
1/3/2019 0:00,3,9
1/3/2019 0:00,4,17
1/3/2019 3:00,5,10
1/3/2019 3:00,5,7
1/3/2019 3:00,4,2
1/3/2019 3:00,1,11
1/3/2019 3:00,5,5
1/3/2019 3:00,1,8
1/3/2019 3:00,4,15
1/30/2019 0:00,4,20
1/30/2019 0:00,3,17
1/30/2019 0:00,3,1
1/30/2019 3:00,2,12
1/30/2019 3:00,2,7
1/30/2019 3:00,4,14
1/30/2019 3:00,3,7
1/30/2019 3:00,4,4
1/30/2019 3:00,2,9
1/30/2019 3:00,4,12
1/31/2019 0:00,1,2
1/31/2019 0:00,5,1
1/31/2019 0:00,5,9
1/31/2019 3:00,2,16
1/31/2019 3:00,3,21
1/31/2019 3:00,4,19
1/31/2019 3:00,2,6
1/31/2019 3:00,4,13
1/31/2019 3:00,1,11
1/31/2019 3:00,2,8
1/4/2019 0:00,5,16
1/4/2019 0:00,2,20
1/4/2019 0:00,1,14
1/4/2019 3:00,2,16
1/4/2019 3:00,1,5
1/4/2019 3:00,1,7
1/4/2019 3:00,3,6
1/4/2019 3:00,5,5
1/4/2019 3:00,3,11
1/4/2019 3:00,4,5
1/5/2019 0:00,3,15
1/5/2019 0:00,3,19
1/5/2019 0:00,1,19
1/5/2019 3:00,1,19
1/5/2019 3:00,5,8
1/5/2019 3:00,1,7
1/5/2019 3:00,5,19
1/5/2019 3:00,2,6
1/5/2019 3:00,1,11
1/5/2019 3:00,4,19
1/6/2019 0:00,2,12
1/6/2019 0:00,5,3
1/6/2019 0:00,4,9
1/6/2019 3:00,5,14
1/6/2019 3:00,1,8
1/6/2019 3:00,1,18
1/6/2019 3:00,5,15
1/6/2019 3:00,4,13
1/6/2019 3:00,5,19
1/6/2019 3:00,4,11
1/7/2019 0:00,4,2
1/7/2019 0:00,1,18
1/7/2019 0:00,2,11
1/7/2019 3:00,4,17
1/7/2019 3:00,1,10
1/7/2019 3:00,3,4
1/7/2019 3:00,3,19
1/7/2019 3:00,2,8
1/7/2019 3:00,4,17
1/7/2019 3:00,5,14
1/8/2019 0:00,2,7
1/8/2019 0:00,1,8
1/8/2019 0:00,2,9
1/8/2019 3:00,3,10
1/8/2019 3:00,2,8
1/8/2019 3:00,3,17
1/8/2019 3:00,3,13
1/8/2019 3:00,5,3
1/8/2019 3:00,1,16
1/8/2019 3:00,1,4
1/9/2019 0:00,5,5
1/9/2019 0:00,4,3
1/9/2019 0:00,4,20
1/9/2019 3:00,5,10
1/9/2019 3:00,2,16
1/9/2019 3:00,3,1
1/9/2019 3:00,2,16
1/9/2019 3:00,5,1
1/9/2019 3:00,2,19
1/9/2019 3:00,4,20
10/1/2019 0:00,3,15
10/1/2019 3:00,3,4
10/1/2019 3:00,2,19
10/1/2019 3:00,3,10
10/1/2019 3:00,1,11
10/1/2019 3:00,5,2
10/1/2019 3:00,1,14
10/1/2019 3:00,4,1
10/1/2019 9:04,3,7
10/1/2019 9:04,1,18
10/1/2019 9:04,5,5
10/1/2019 9:04,2,1
10/1/2019 9:04,3,5
10/10/2019 0:00,4,15
10/10/2019 3:00,5,3
10/10/2019 3:00,2,11
10/10/2019 3:00,5,21
10/10/2019 3:00,2,6
10/10/2019 3:00,2,21
10/10/2019 3:00,2,20
10/10/2019 3:00,5,2
10/10/2019 9:04,1,1
10/10/2019 9:04,1,8
10/10/2019 9:04,5,8
10/10/2019 9:04,2,15
10/10/2019 9:04,4,11
10/11/2019 0:00,1,13
10/11/2019 3:00,5,4
10/11/2019 3:00,2,9
10/11/2019 3:00,1,19
10/11/2019 3:00,3,9
10/11/2019 3:00,2,16
10/11/2019 3:00,2,4
10/11/2019 3:00,5,21
10/11/2019 9:04,5,8
10/11/2019 9:04,2,4
10/11/2019 9:04,3,11
10/11/2019 9:04,3,21
10/11/2019 9:04,3,5
10/12/2019 0:00,4,8
10/12/2019 3:00,5,15
10/12/2019 3:00,5,14
10/12/2019 3:00,1,19
10/12/2019 3:00,2,6
10/12/2019 3:00,5,6
10/12/2019 3:00,1,16
10/12/2019 3:00,1,20
10/12/2019 9:04,5,13
10/12/2019 9:04,3,11
10/12/2019 9:04,3,6
10/12/2019 9:04,3,15
10/12/2019 9:04,1,2
10/13/2019 0:00,2,10
10/13/2019 3:00,2,5
10/13/2019 3:00,2,13
10/13/2019 3:00,5,1
10/13/2019 3:00,2,7
10/13/2019 3:00,2,16
10/13/2019 3:00,4,15
10/13/2019 3:00,5,20
10/13/2019 9:04,1,7
10/13/2019 9:04,3,18
10/13/2019 9:04,3,20
10/13/2019 9:04,1,17
10/13/2019 9:04,4,8
10/14/2019 0:00,3,13
10/14/2019 3:00,3,3
10/14/2019 3:00,5,19
10/14/2019 3:00,4,2
10/14/2019 3:00,4,7
10/14/2019 3:00,1,18
10/14/2019 3:00,5,3
10/14/2019 3:00,4,19
10/14/2019 9:04,4,17
10/14/2019 9:04,3,12
10/14/2019 9:04,5,9
10/14/2019 9:04,2,4
10/14/2019 9:04,2,12
10/15/2019 0:00,2,3
10/15/2019 3:00,5,6
10/15/2019 3:00,3,1
10/15/2019 3:00,1,12
10/15/2019 3:00,4,17
10/15/2019 3:00,5,7
10/15/2019 3:00,4,12
10/15/2019 3:00,3,17
10/15/2019 9:04,1,15
10/15/2019 9:04,5,15
10/15/2019 9:04,5,2
10/15/2019 9:04,3,7
10/15/2019 9:04,3,17
10/16/2019 0:00,4,14
10/16/2019 3:00,3,10
10/16/2019 3:00,1,5
10/16/2019 3:00,1,16
10/16/2019 3:00,5,4
10/16/2019 3:00,4,1
10/16/2019 3:00,3,8
10/16/2019 3:00,2,14
10/16/2019 9:04,3,11
10/16/2019 9:04,5,5
10/16/2019 9:04,5,12
10/16/2019 9:04,2,17
10/16/2019 9:04,4,8
10/17/2019 0:00,1,4
10/17/2019 3:00,2,10
10/17/2019 3:00,2,14
10/17/2019 3:00,2,19
10/17/2019 3:00,5,2
10/17/2019 3:00,2,17
10/17/2019 3:00,1,4
10/17/2019 3:00,4,11
10/17/2019 9:04,3,15
10/17/2019 9:04,5,19
10/17/2019 9:04,3,17
10/17/2019 9:04,4,12
10/17/2019 9:04,2,7
10/18/2019 0:00,1,16
10/18/2019 3:00,2,19
10/18/2019 3:00,5,17
10/18/2019 3:00,3,1
10/18/2019 3:00,1,5
10/18/2019 3:00,2,18
10/18/2019 3:00,1,9
10/18/2019 3:00,2,2
10/18/2019 9:04,3,13
10/18/2019 9:04,4,7
10/18/2019 9:04,2,19
10/18/2019 9:04,5,8
10/18/2019 9:04,5,16
10/19/2019 0:00,2,17
10/19/2019 3:00,4,12
10/19/2019 3:00,4,13
10/19/2019 3:00,1,19
10/19/2019 3:00,4,7
10/19/2019 3:00,2,12
10/19/2019 3:00,5,14
10/19/2019 3:00,2,5
10/19/2019 9:04,1,18
10/19/2019 9:04,4,8
10/19/2019 9:04,1,3
10/19/2019 9:04,3,18
10/19/2019 9:04,3,10
10/2/2019 0:00,4,9
10/2/2019 3:00,5,8
10/2/2019 3:00,5,11
10/2/2019 3:00,4,10
10/2/2019 3:00,1,11
10/2/2019 3:00,5,18
10/2/2019 3:00,5,5
10/2/2019 3:00,4,15
10/2/2019 9:04,4,15
10/2/2019 9:04,1,14
10/2/2019 9:04,3,7
10/2/2019 9:04,5,1
10/2/2019 9:04,1,12
10/20/2019 0:00,4,16
10/20/2019 3:00,1,20
10/20/2019 3:00,3,18
10/20/2019 3:00,4,2
10/20/2019 3:00,4,15
10/20/2019 3:00,5,1
10/20/2019 3:00,1,10
10/20/2019 3:00,5,14
10/20/2019 9:04,5,9
10/20/2019 9:04,1,19
10/20/2019 9:04,2,12
10/20/2019 9:04,1,2
10/20/2019 9:04,4,16
10/21/2019 0:00,1,13
10/21/2019 3:00,2,15
10/21/2019 3:00,1,12
10/21/2019 3:00,5,10
10/21/2019 3:00,3,11
10/21/2019 3:00,1,19
10/21/2019 3:00,4,19
10/21/2019 3:00,4,8
10/21/2019 9:04,3,3
10/21/2019 9:04,3,20
10/21/2019 9:04,1,16
10/21/2019 9:04,2,16
10/21/2019 9:04,2,10
10/22/2019 0:00,1,3
10/22/2019 3:00,1,8
10/22/2019 3:00,4,19
10/22/2019 3:00,1,2
10/22/2019 3:00,5,8
10/22/2019 3:00,5,5
10/22/2019 3:00,5,5
10/22/2019 3:00,5,19
10/22/2019 9:04,5,7
10/22/2019 9:04,3,18
10/22/2019 9:04,4,21
10/22/2019 9:04,5,15
10/22/2019 9:04,4,5
10/23/2019 0:00,5,17
10/23/2019 3:00,1,7
10/23/2019 3:00,4,20
10/23/2019 3:00,2,10
10/23/2019 3:00,2,2
10/23/2019 3:00,4,17
10/23/2019 3:00,1,7
10/23/2019 3:00,1,5
10/23/2019 9:04,2,19
10/23/2019 9:04,2,12
10/23/2019 9:04,5,2
10/23/2019 9:04,4,15
10/23/2019 9:04,1,5
10/24/2019 0:00,2,16
10/24/2019 3:00,5,8
10/24/2019 3:00,5,15
10/24/2019 3:00,4,18
10/24/2019 3:00,4,4
10/24/2019 3:00,5,11
10/24/2019 3:00,4,2
10/24/2019 3:00,3,8
10/24/2019 9:04,4,7
10/24/2019 9:04,3,3
10/24/2019 9:04,1,11
10/24/2019 9:04,3,1
10/24/2019 9:04,4,9
10/25/2019 0:00,1,20
10/25/2019 3:00,1,18
10/25/2019 3:00,3,10
10/25/2019 3:00,5,20
10/25/2019 3:00,5,13
10/25/2019 3:00,2,16
10/25/2019 3:00,3,2
10/25/2019 3:00,5,16
10/25/2019 9:04,5,9
10/25/2019 9:04,5,15
10/25/2019 9:04,1,3
10/25/2019 9:04,1,5
10/25/2019 9:04,3,9
10/26/2019 0:00,3,8
10/26/2019 3:00,1,15
10/26/2019 3:00,4,13
10/26/2019 3:00,1,10
10/26/2019 3:00,4,7
10/26/2019 3:00,4,3
10/26/2019 3:00,5,18
10/26/2019 3:00,5,6
10/26/2019 9:04,2,10
10/26/2019 9:04,3,17
10/26/2019 9:04,1,21
10/26/2019 9:04,3,9
10/26/2019 9:04,1,6
10/27/2019 0:00,5,8
10/27/2019 3:00,5,6
10/27/2019 3:00,1,11
10/27/2019 3:00,1,20
10/27/2019 3:00,2,12
10/27/2019 3:00,4,21
10/27/2019 3:00,5,19
10/27/2019 3:00,4,14
10/27/2019 9:04,3,18
10/27/2019 9:04,4,16
10/27/2019 9:04,4,21
10/27/2019 9:04,5,13
10/27/2019 9:04,4,15
10/28/2019 0:00,4,13
10/28/2019 3:00,1,2
10/28/2019 3:00,1,3
10/28/2019 3:00,3,4
10/28/2019 3:00,4,15
10/28/2019 3:00,2,8
10/28/2019 3:00,5,5
10/28/2019 3:00,5,3
10/28/2019 9:04,4,19
10/28/2019 9:04,5,2
10/28/2019 9:04,5,5
10/28/2019 9:04,5,1
10/28/2019 9:04,3,4
10/29/2019 0:00,2,16
10/29/2019 3:00,5,10
10/29/2019 3:00,4,19
10/29/2019 3:00,2,21
10/29/2019 3:00,1,5
10/29/2019 3:00,3,11
10/29/2019 3:00,2,2
10/29/2019 3:00,3,8
10/29/2019 9:04,4,21
10/29/2019 9:04,5,13
10/29/2019 9:04,3,1
10/29/2019 9:04,4,4
10/29/2019 9:04,2,17
10/3/2019 0:00,1,3
10/3/2019 3:00,1,15
10/3/2019 3:00,4,6
10/3/2019 3:00,1,15
10/3/2019 3:00,3,2
10/3/2019 3:00,1,6
10/3/2019 3:00,1,10
10/3/2019 3:00,2,11
10/3/2019 9:04,4,21
10/3/2019 9:04,2,5
10/3/2019 9:04,4,15
10/3/2019 9:04,5,15
10/3/2019 9:04,1,15
10/30/2019 0:00,1,8
10/30/2019 3:00,1,17
10/30/2019 3:00,2,6
10/30/2019 3:00,1,2
10/30/2019 3:00,1,13
10/30/2019 3:00,5,7
10/30/2019 3:00,3,7
10/30/2019 3:00,4,15
10/30/2019 9:04,1,2
10/30/2019 9:04,2,7
10/30/2019 9:04,4,16
10/30/2019 9:04,4,4
10/30/2019 9:04,3,15
10/31/2019 0:00,1,13
10/31/2019 3:00,2,7
10/31/2019 3:00,2,19
10/31/2019 3:00,4,14
10/31/2019 3:00,3,17
10/31/2019 3:00,4,13
10/31/2019 3:00,5,17
10/31/2019 3:00,2,1
10/31/2019 9:04,1,21
10/31/2019 9:04,3,1
10/31/2019 9:04,2,5
10/31/2019 9:04,5,13
10/31/2019 9:04,1,8
10/4/2019 0:00,2,21
10/4/2019 3:00,3,9
10/4/2019 3:00,1,2
10/4/2019 3:00,3,8
10/4/2019 3:00,5,19
10/4/2019 3:00,3,9
10/4/2019 3:00,3,21
10/4/2019 3:00,3,17
10/4/2019 9:04,3,4
10/4/2019 9:04,5,7
10/4/2019 9:04,2,8
10/4/2019 9:04,4,4
10/4/2019 9:04,4,3
10/5/2019 0:00,1,2
10/5/2019 3:00,5,12
10/5/2019 3:00,1,18
10/5/2019 3:00,3,11
10/5/2019 3:00,1,4
10/5/2019 3:00,3,14
10/5/2019 3:00,2,18
10/5/2019 3:00,3,4
10/5/2019 9:04,5,14
10/5/2019 9:04,4,15
10/5/2019 9:04,3,21
10/5/2019 9:04,4,6
10/5/2019 9:04,2,10
10/6/2019 0:00,5,4
10/6/2019 3:00,4,2
10/6/2019 3:00,2,12
10/6/2019 3:00,3,15
10/6/2019 3:00,4,10
10/6/2019 3:00,2,9
10/6/2019 3:00,5,6
10/6/2019 3:00,2,14
10/6/2019 9:04,2,21
10/6/2019 9:04,1,19
10/6/2019 9:04,4,15
10/6/2019 9:04,2,3
10/6/2019 9:04,2,2
10/7/2019 0:00,3,20
10/7/2019 3:00,2,10
10/7/2019 3:00,4,3
10/7/2019 3:00,3,9
10/7/2019 3:00,4,18
10/7/2019 3:00,1,8
10/7/2019 3:00,4,8
10/7/2019 3:00,2,14
10/7/2019 9:04,3,15
10/7/2019 9:04,3,14
10/7/2019 9:04,1,14
10/7/2019 9:04,1,11
10/7/2019 9:04,3,7
10/8/2019 0:00,3,4
10/8/2019 3:00,1,21
10/8/2019 3:00,2,12
10/8/2019 3:00,4,4
10/8/2019 3:00,4,18
10/8/2019 3:00,3,13
10/8/2019 3:00,1,9
10/8/2019 3:00,1,20
10/8/2019 9:04,5,14
10/8/2019 9:04,1,20
10/8/2019 9:04,5,11
10/8/2019 9:04,3,7
10/8/2019 9:04,4,1
10/9/2019 0:00,4,21
10/9/2019 3:00,4,18
10/9/2019 3:00,5,9
10/9/2019 3:00,2,8
10/9/2019 3:00,1,18
10/9/2019 3:00,3,2
10/9/2019 3:00,3,12
10/9/2019 3:00,2,6
10/9/2019 9:04,4,15
10/9/2019 9:04,3,3
10/9/2019 9:04,2,8
10/9/2019 9:04,3,6
10/9/2019 9:04,5,4
11/1/2019 0:00,1,20
11/1/2019 3:00,2,13
11/1/2019 3:00,4,18
11/1/2019 3:00,4,18
11/1/2019 3:00,4,3
11/1/2019 3:00,2,18
11/1/2019 3:00,5,7
11/1/2019 3:00,4,2
11/1/2019 9:04,4,2
11/1/2019 9:04,1,5
11/1/2019 9:04,3,10
11/1/2019 9:04,3,19
11/1/2019 9:04,5,21
11/10/2019 0:00,5,8
11/10/2019 3:00,2,19
11/10/2019 3:00,5,7
11/10/2019 3:00,1,21
11/10/2019 3:00,5,1
11/10/2019 3:00,1,6
11/10/2019 3:00,2,16
11/10/2019 3:00,3,2
11/10/2019 9:04,5,19
11/10/2019 9:04,1,19
11/10/2019 9:04,5,1
11/10/2019 9:04,1,9
11/10/2019 9:04,3,21
11/11/2019 0:00,1,1
11/11/2019 3:00,2,20
11/11/2019 3:00,5,16
11/11/2019 3:00,5,1
11/11/2019 3:00,5,18
11/11/2019 3:00,2,19
11/11/2019 3:00,1,16
11/11/2019 3:00,2,6
11/11/2019 9:04,3,12
11/11/2019 9:04,2,19
11/11/2019 9:04,4,15
11/11/2019 9:04,1,3
11/11/2019 9:04,3,2
11/12/2019 0:00,2,8
11/12/2019 3:00,5,13
11/12/2019 3:00,5,18
11/12/2019 3:00,2,20
11/12/2019 3:00,4,14
11/12/2019 3:00,3,11
11/12/2019 3:00,4,16
11/12/2019 3:00,1,5
11/12/2019 9:04,1,19
11/12/2019 9:04,5,19
11/12/2019 9:04,5,13
11/12/2019 9:04,2,14
11/12/2019 9:04,2,17
11/13/2019 0:00,5,8
11/13/2019 3:00,4,21
11/13/2019 3:00,1,16
11/13/2019 3:00,5,17
11/13/2019 3:00,3,2
11/13/2019 3:00,4,9
11/13/2019 3:00,4,18
11/13/2019 3:00,3,21
11/13/2019 9:04,5,6
11/13/2019 9:04,4,1
11/13/2019 9:04,1,17
11/13/2019 9:04,5,18
11/13/2019 9:04,5,7
11/14/2019 0:00,3,16
11/14/2019 3:00,5,11
11/14/2019 3:00,1,7
11/14/2019 3:00,1,20
11/14/2019 3:00,3,14
11/14/2019 3:00,1,9
11/14/2019 3:00,4,13
11/14/2019 3:00,4,21
11/14/2019 9:04,2,3
11/14/2019 9:04,5,12
11/14/2019 9:04,2,6
11/14/2019 9:04,3,18
11/14/2019 9:04,5,13
11/15/2019 0:00,5,4
11/15/2019 3:00,2,6
11/15/2019 3:00,4,9
11/15/2019 3:00,2,3
11/15/2019 3:00,4,19
11/15/2019 3:00,5,19
11/15/2019 3:00,3,8
11/15/2019 3:00,5,10
11/15/2019 9:04,2,16
11/15/2019 9:04,2,17
11/15/2019 9:04,4,7
11/15/2019 9:04,4,5
11/15/2019 9:04,3,11
11/16/2019 0:00,3,2
11/16/2019 3:00,2,3
11/16/2019 3:00,5,21
11/16/2019 3:00,2,15
11/16/2019 3:00,3,14
11/16/2019 3:00,4,9
11/16/2019 3:00,1,12
11/16/2019 3:00,5,17
11/16/2019 9:04,4,2
11/16/2019 9:04,2,6
11/16/2019 9:04,5,7
11/16/2019 9:04,3,16
11/16/2019 9:04,3,21
11/17/2019 0:00,1,7
11/17/2019 3:00,2,1
11/17/2019 3:00,3,17
11/17/2019 3:00,4,6
11/17/2019 3:00,4,11
11/17/2019 3:00,4,18
11/17/2019 3:00,2,8
11/17/2019 3:00,1,12
11/17/2019 9:04,3,3
11/17/2019 9:04,4,13
11/17/2019 9:04,2,20
11/17/2019 9:04,1,5
11/17/2019 9:04,4,4
11/18/2019 0:00,3,15
11/18/2019 3:00,2,11
11/18/2019 3:00,2,16
11/18/2019 3:00,3,8
11/18/2019 3:00,5,13
11/18/2019 3:00,1,19
11/18/2019 3:00,2,1
11/18/2019 3:00,3,13
11/18/2019 9:04,1,13
11/18/2019 9:04,5,10
11/18/2019 9:04,3,4
11/18/2019 9:04,2,15
11/18/2019 9:04,5,21
11/19/2019 0:00,2,15
11/19/2019 3:00,2,19
11/19/2019 3:00,5,8
11/19/2019 3:00,2,9
11/19/2019 3:00,5,9
11/19/2019 3:00,2,3
11/19/2019 3:00,3,16
11/19/2019 3:00,5,16
11/19/2019 9:04,1,18
11/19/2019 9:04,4,19
11/19/2019 9:04,5,3
11/19/2019 9:04,3,9
11/19/2019 9:04,4,15
11/2/2019 0:00,1,11
11/2/2019 3:00,2,18
11/2/2019 3:00,5,2
11/2/2019 3:00,1,10
11/2/2019 3:00,3,13
11/2/2019 3:00,2,3
11/2/2019 3:00,4,8
11/2/2019 3:00,4,5
11/2/2019 9:04,4,9
11/2/2019 9:04,4,10
11/2/2019 9:04,4,4
11/2/2019 9:04,5,13
11/2/2019 9:04,1,15
11/20/2019 0:00,2,16
11/20/2019 3:00,5,20
11/20/2019 3:00,2,4
11/20/2019 3:00,4,4
11/20/2019 3:00,3,15
11/20/2019 3:00,1,8
11/20/2019 3:00,5,17
11/20/2019 3:00,4,18
11/20/2019 9:04,4,12
11/20/2019 9:04,3,11
11/20/2019 9:04,2,2
11/20/2019 9:04,5,18
11/20/2019 9:04,5,7
11/21/2019 0:00,2,14
11/21/2019 3:00,5,15
11/21/2019 3:00,1,13
11/21/2019 3:00,1,11
11/21/2019 3:00,2,3
11/21/2019 3:00,3,8
11/21/2019 3:00,2,5
11/21/2019 3:00,2,1
11/21/2019 9:04,1,15
11/21/2019 9:04,4,1
11/21/2019 9:04,1,18
11/21/2019 9:04,1,5
11/21/2019 9:04,1,10
11/22/2019 0:00,5,5
11/22/2019 3:00,4,6
11/22/2019 3:00,4,5
11/22/2019 3:00,3,15
11/22/2019 3:00,3,14
11/22/2019 3:00,5,12
11/22/2019 3:00,1,10
11/22/2019 3:00,2,15
11/22/2019 9:04,2,3
11/22/2019 9:04,5,14
11/22/2019 9:04,5,21
11/22/2019 9:04,2,20
11/22/2019 9:04,1,16
11/23/2019 0:00,2,10
11/23/2019 3:00,3,19
11/23/2019 3:00,1,7
11/23/2019 3:00,2,2
11/23/2019 3:00,1,10
11/23/2019 3:00,3,19
11/23/2019 3:00,3,3
11/23/2019 3:00,5,21
11/23/2019 9:04,4,5
11/23/2019 9:04,1,13
11/23/2019 9:04,3,10
11/23/2019 9:04,4,8
11/23/2019 9:04,1,19
11/24/2019 0:00,2,2
11/24/2019 3:00,3,16
11/24/2019 3:00,1,10
11/24/2019 3:00,5,8
11/24/2019 3:00,4,14
11/24/2019 3:00,2,6
11/24/2019 3:00,1,21
11/24/2019 3:00,4,17
11/24/2019 9:04,4,5
11/24/2019 9:04,4,18
11/24/2019 9:04,5,21
11/24/2019 9:04,4,18
11/24/2019 9:04,3,8
11/25/2019 0:00,1,6
11/25/2019 3:00,3,2
11/25/2019 3:00,3,6
11/25/2019 3:00,5,21
11/25/2019 3:00,3,10
11/25/2019 3:00,5,5
11/25/2019 3:00,2,21
11/25/2019 3:00,2,14
11/25/2019 9:04,3,2
11/25/2019 9:04,4,1
11/25/2019 9:04,5,11
11/25/2019 9:04,4,18
11/25/2019 9:04,3,14
11/26/2019 0:00,1,20
11/26/2019 3:00,3,6
11/26/2019 3:00,1,10
11/26/2019 3:00,3,14
11/26/2019 3:00,3,4
11/26/2019 3:00,5,1
11/26/2019 3:00,1,2
11/26/2019 3:00,3,4
11/26/2019 9:04,2,12
11/26/2019 9:04,4,3
11/26/2019 9:04,1,6
11/26/2019 9:04,5,15
11/26/2019 9:04,5,14
11/27/2019 0:00,4,6
11/27/2019 3:00,3,19
11/27/2019 3:00,3,6
11/27/2019 3:00,1,13
11/27/2019 3:00,1,12
11/27/2019 3:00,5,16
11/27/2019 3:00,3,20
11/27/2019 3:00,2,9
11/27/2019 9:04,1,19
11/27/2019 9:04,5,16
11/27/2019 9:04,4,10
11/27/2019 9:04,3,18
11/27/2019 9:04,3,5
11/28/2019 0:00,5,19
11/28/2019 3:00,1,15
11/28/2019 3:00,4,1
11/28/2019 3:00,5,9
11/28/2019 3:00,5,20
11/28/2019 3:00,2,12
11/28/2019 3:00,4,7
11/28/2019 3:00,3,13
11/28/2019 9:04,1,21
11/28/2019 9:04,3,20
11/28/2019 9:04,2,1
11/28/2019 9:04,3,20
11/28/2019 9:04,5,19
11/29/2019 0:00,2,10
11/29/2019 3:00,5,3
11/29/2019 3:00,4,3
11/29/2019 3:00,5,14
11/29/2019 3:00,3,9
11/29/2019 3:00,2,16
11/29/2019 3:00,1,12
11/29/2019 3:00,1,1
11/29/2019 9:04,5,12
11/29/2019 9:04,1,10
11/29/2019 9:04,2,7
11/29/2019 9:04,2,11
11/29/2019 9:04,5,1
11/3/2019 0:00,5,17
11/3/2019 3:00,2,20
11/3/2019 3:00,3,17
11/3/2019 3:00,2,20
11/3/2019 3:00,1,10
11/3/2019 3:00,4,4
11/3/2019 3:00,1,8
11/3/2019 3:00,3,10
11/3/2019 9:04,2,11
11/3/2019 9:04,4,10
11/3/2019 9:04,5,9
11/3/2019 9:04,4,12
11/3/2019 9:04,3,9
11/30/2019 0:00,5,15
11/30/2019 3:00,4,15
11/30/2019 3:00,3,20
11/30/2019 3:00,5,10
11/30/2019 3:00,1,15
11/30/2019 3:00,4,11
11/30/2019 3:00,4,7
11/30/2019 3:00,1,8
11/30/2019 9:04,2,17
11/30/2019 9:04,2,4
11/30/2019 9:04,2,12
11/30/2019 9:04,5,2
11/30/2019 9:04,3,19
11/4/2019 0:00,4,6
11/4/2019 3:00,2,13
11/4/2019 3:00,4,15
11/4/2019 3:00,4,5
11/4/2019 3:00,2,15
11/4/2019 3:00,2,5
11/4/2019 3:00,4,17
11/4/2019 3:00,5,1
11/4/2019 9:04,2,13
11/4/2019 9:04,2,21
11/4/2019 9:04,5,6
11/4/2019 9:04,5,10
11/4/2019 9:04,4,1
11/5/2019 0:00,2,18
11/5/2019 3:00,5,13
11/5/2019 3:00,2,9
11/5/2019 3:00,3,6
11/5/2019 3:00,5,3
11/5/2019 3:00,5,15
11/5/2019 3:00,4,7
11/5/2019 3:00,5,15
11/5/2019 9:04,3,21
11/5/2019 9:04,4,5
11/5/2019 9:04,5,16
11/5/2019 9:04,1,4
11/5/2019 9:04,3,16
11/6/2019 0:00,5,4
11/6/2019 3:00,2,9
11/6/2019 3:00,1,7
11/6/2019 3:00,3,11
11/6/2019 3:00,1,1
11/6/2019 3:00,1,4
11/6/2019 3:00,4,1
11/6/2019 3:00,5,19
11/6/2019 9:04,1,7
11/6/2019 9:04,1,2
11/6/2019 9:04,1,9
11/6/2019 9:04,3,13
11/6/2019 9:04,2,4
11/7/2019 0:00,2,13
11/7/2019 3:00,1,21
11/7/2019 3:00,5,20
11/7/2019 3:00,4,9
11/7/2019 3:00,5,9
11/7/2019 3:00,1,1
11/7/2019 3:00,1,20
11/7/2019 3:00,4,5
11/7/2019 9:04,2,11
11/7/2019 9:04,1,19
11/7/2019 9:04,3,10
11/7/2019 9:04,2,1
11/7/2019 9:04,4,17
11/8/2019 0:00,1,10
11/8/2019 3:00,1,19
11/8/2019 3:00,2,9
11/8/2019 3:00,4,11
11/8/2019 3:00,2,3
11/8/2019 3:00,1,19
11/8/2019 3:00,1,19
11/8/2019 3:00,4,3
11/8/2019 9:04,4,11
11/8/2019 9:04,1,1
11/8/2019 9:04,2,12
11/8/2019 9:04,5,8
11/8/2019 9:04,4,9
11/9/2019 0:00,1,21
11/9/2019 3:00,5,18
11/9/2019 3:00,3,2
11/9/2019 3:00,4,3
11/9/2019 3:00,4,5
11/9/2019 3:00,3,6
11/9/2019 3:00,4,10
11/9/2019 3:00,3,13
11/9/2019 9:04,1,16
11/9/2019 9:04,5,3
11/9/2019 9:04,5,4
11/9/2019 9:04,4,16
11/9/2019 9:04,3,11
12/1/2019 0:00,5,16
12/1/2019 3:00,4,21
12/1/2019 3:00,4,14
12/1/2019 3:00,2,14
12/1/2019 3:00,3,9
12/1/2019 3:00,5,4
12/1/2019 3:00,5,5
12/1/2019 3:00,1,8
12/1/2019 9:04,3,1
12/1/2019 9:04,1,8
12/1/2019 9:04,1,16
12/1/2019 9:04,3,9
12/1/2019 9:04,2,19
12/10/2019 0:00,2,4
12/10/2019 3:00,4,3
12/10/2019 3:00,3,2
12/10/2019 3:00,4,16
12/10/2019 3:00,4,10
12/10/2019 3:00,1,18
12/10/2019 3:00,4,19
12/10/2019 3:00,1,20
12/11/2019 0:00,3,6
12/11/2019 3:00,3,11
12/11/2019 3:00,2,1
12/11/2019 3:00,3,18
12/11/2019 3:00,3,16
12/11/2019 3:00,1,6
12/11/2019 3:00,2,2
12/11/2019 3:00,2,21
12/12/2019 0:00,4,16
12/12/2019 3:00,5,6
12/12/2019 3:00,2,1
12/12/2019 3:00,1,13
12/12/2019 3:00,4,12
12/12/2019 3:00,2,6
12/12/2019 3:00,3,11
12/12/2019 3:00,4,12
12/13/2019 0:00,4,14
12/13/2019 3:00,2,1
12/13/2019 3:00,1,12
12/13/2019 3:00,3,15
12/13/2019 3:00,3,15
12/13/2019 3:00,2,12
12/13/2019 3:00,2,20
12/13/2019 3:00,4,13
12/14/2019 0:00,1,6
12/14/2019 3:00,3,4
12/14/2019 3:00,4,18
12/14/2019 3:00,3,3
12/14/2019 3:00,1,18
12/14/2019 3:00,4,13
12/14/2019 3:00,5,4
12/14/2019 3:00,2,1
12/15/2019 0:00,5,15
12/15/2019 3:00,1,19
12/15/2019 3:00,5,4
12/15/2019 3:00,5,13
12/15/2019 3:00,1,6
12/15/2019 3:00,1,13
12/15/2019 3:00,4,15
12/15/2019 3:00,1,8
12/16/2019 0:00,3,18
12/16/2019 3:00,3,7
12/16/2019 3:00,1,10
12/16/2019 3:00,5,21
12/16/2019 3:00,1,16
12/16/2019 3:00,3,6
12/16/2019 3:00,2,13
12/16/2019 3:00,3,15
12/17/2019 0:00,3,17
12/17/2019 3:00,1,11
12/17/2019 3:00,3,5
12/17/2019 3:00,1,13
12/17/2019 3:00,4,6
12/17/2019 3:00,2,5
12/17/2019 3:00,4,2
12/17/2019 3:00,4,4
12/18/2019 0:00,1,12
12/18/2019 3:00,5,1
12/18/2019 3:00,3,10
12/18/2019 3:00,3,14
12/18/2019 3:00,5,10
12/18/2019 3:00,2,11
12/18/2019 3:00,3,2
12/18/2019 3:00,2,15
12/19/2019 0:00,2,8
12/19/2019 3:00,4,15
12/19/2019 3:00,5,8
12/19/2019 3:00,5,3
12/19/2019 3:00,4,11
12/19/2019 3:00,5,17
12/19/2019 3:00,3,2
12/19/2019 3:00,5,20
12/2/2019 0:00,4,10
12/2/2019 3:00,1,11
12/2/2019 3:00,5,20
12/2/2019 3:00,3,21
12/2/2019 3:00,5,16
12/2/2019 3:00,2,14
12/2/2019 3:00,2,15
12/2/2019 3:00,4,20
12/2/2019 9:04,3,1
12/2/2019 9:04,3,19
12/2/2019 9:04,2,12
12/2/2019 9:04,1,16
12/2/2019 9:04,2,19
12/20/2019 0:00,2,6
12/20/2019 3:00,5,14
12/20/2019 3:00,2,1
12/20/2019 3:00,4,6
12/20/2019 3:00,5,18
12/20/2019 3:00,3,13
12/20/2019 3:00,5,13
12/20/2019 3:00,2,9
12/21/2019 0:00,4,1
12/21/2019 3:00,4,10
12/21/2019 3:00,5,19
12/21/2019 3:00,4,8
12/21/2019 3:00,3,8
12/21/2019 3:00,4,2
12/21/2019 3:00,4,16
12/21/2019 3:00,5,4
12/22/2019 0:00,3,9
12/22/2019 3:00,5,4
12/22/2019 3:00,3,15
12/22/2019 3:00,2,19
12/22/2019 3:00,2,12
12/22/2019 3:00,3,3
12/22/2019 3:00,2,12
12/22/2019 3:00,3,17
12/23/2019 0:00,3,6
12/23/2019 3:00,1,2
12/23/2019 3:00,4,21
12/23/2019 3:00,4,2
12/23/2019 3:00,1,20
12/23/2019 3:00,4,14
12/23/2019 3:00,2,5
12/23/2019 3:00,2,8
12/24/2019 0:00,5,7
12/24/2019 3:00,4,5
12/24/2019 3:00,5,11
12/24/2019 3:00,5,19
12/24/2019 3:00,5,11
12/24/2019 3:00,3,13
12/24/2019 3:00,5,18
12/24/2019 3:00,3,17
12/25/2019 0:00,4,19
12/25/2019 3:00,2,15
12/25/2019 3:00,1,5
12/25/2019 3:00,1,12
12/25/2019 3:00,2,5
12/25/2019 3:00,4,18
12/25/2019 3:00,4,3
12/25/2019 3:00,3,11
12/26/2019 0:00,5,5
12/26/2019 3:00,5,5
12/26/2019 3:00,5,10
12/26/2019 3:00,1,15
12/26/2019 3:00,3,19
12/26/2019 3:00,2,20
12/26/2019 3:00,1,8
12/26/2019 3:00,1,6
12/27/2019 0:00,3,12
12/27/2019 3:00,5,8
12/27/2019 3:00,5,21
12/27/2019 3:00,2,13
12/27/2019 3:00,3,4
12/27/2019 3:00,4,3
12/27/2019 3:00,3,19
12/27/2019 3:00,3,5
12/28/2019 0:00,5,3
12/28/2019 3:00,1,9
12/28/2019 3:00,2,4
12/28/2019 3:00,5,15
12/28/2019 3:00,3,11
12/28/2019 3:00,4,20
12/28/2019 3:00,4,2
12/28/2019 3:00,3,2
12/29/2019 0:00,5,20
12/29/2019 3:00,1,5
12/29/2019 3:00,3,15
12/29/2019 3:00,3,7
12/29/2019 3:00,1,11
12/29/2019 3:00,3,8
12/29/2019 3:00,1,13
12/29/2019 3:00,2,2
12/3/2019 0:00,3,21
12/3/2019 3:00,2,21
12/3/2019 3:00,4,7
12/3/2019 3:00,2,14
12/3/2019 3:00,4,14
12/3/2019 3:00,4,7
12/3/2019 3:00,4,5
12/3/2019 3:00,4,17
12/3/2019 9:04,3,21
12/3/2019 9:04,4,5
12/3/2019 9:04,5,3
12/3/2019 9:04,5,13
12/3/2019 9:04,1,13
12/30/2019 0:00,3,1
12/30/2019 3:00,5,8
12/30/2019 3:00,3,10
12/30/2019 3:00,5,6
12/30/2019 3:00,1,13
12/30/2019 3:00,4,6
12/30/2019 3:00,2,1
12/30/2019 3:00,2,12
12/31/2019 0:00,4,5
12/31/2019 3:00,2,2
12/31/2019 3:00,2,11
12/31/2019 3:00,1,16
12/31/2019 3:00,1,10
12/31/2019 3:00,3,1
12/31/2019 3:00,1,20
12/31/2019 3:00,5,16
12/4/2019 0:00,3,5
12/4/2019 3:00,2,9
12/4/2019 3:00,2,14
12/4/2019 3:00,3,12
12/4/2019 3:00,3,13
12/4/2019 3:00,5,15
12/4/2019 3:00,3,12
12/4/2019 3:00,5,16
12/5/2019 0:00,3,12
12/5/2019 3:00,3,12
12/5/2019 3:00,4,15
12/5/2019 3:00,1,9
12/5/2019 3:00,1,10
12/5/2019 3:00,5,1
12/5/2019 3:00,4,20
12/5/2019 3:00,5,2
12/6/2019 0:00,2,10
12/6/2019 3:00,4,18
12/6/2019 3:00,5,7
12/6/2019 3:00,5,2
12/6/2019 3:00,3,10
12/6/2019 3:00,1,9
12/6/2019 3:00,2,8
12/6/2019 3:00,3,5
12/7/2019 0:00,4,2
12/7/2019 3:00,5,4
12/7/2019 3:00,4,20
12/7/2019 3:00,2,6
12/7/2019 3:00,4,14
12/7/2019 3:00,5,1
12/7/2019 3:00,3,13
12/7/2019 3:00,2,18
12/8/2019 0:00,3,17
12/8/2019 3:00,1,10
12/8/2019 3:00,3,5
12/8/2019 3:00,3,13
12/8/2019 3:00,2,5
12/8/2019 3:00,2,6
12/8/2019 3:00,1,14
12/8/2019 3:00,4,10
12/9/2019 0:00,2,16
12/9/2019 3:00,1,15
12/9/2019 3:00,4,8
12/9/2019 3:00,1,6
12/9/2019 3:00,1,12
12/9/2019 3:00,2,2
12/9/2019 3:00,1,13
12/9/2019 3:00,3,12
2/1/2019 0:00,3,13
2/1/2019 0:00,3,10
2/1/2019 0:00,1,8
2/1/2019 3:00,4,12
2/1/2019 3:00,1,5
2/1/2019 3:00,4,20
2/1/2019 3:00,5,17
2/1/2019 3:00,4,13
2/1/2019 3:00,4,3
2/1/2019 3:00,2,3
2/10/2019 0:00,5,20
2/10/2019 0:00,4,11
2/10/2019 0:00,4,5
2/10/2019 3:00,1,15
2/10/2019 3:00,2,5
2/10/2019 3:00,2,21
2/10/2019 3:00,3,17
2/10/2019 3:00,3,20
2/10/2019 3:00,4,16
2/10/2019 3:00,2,12
2/11/2019 0:00,4,3
2/11/2019 0:00,1,9
2/11/2019 0:00,3,2
2/11/2019 3:00,4,4
2/11/2019 3:00,4,4
2/11/2019 3:00,2,8
2/11/2019 3:00,1,21
2/11/2019 3:00,4,1
2/11/2019 3:00,4,20
2/11/2019 3:00,1,8
2/12/2019 0:00,3,16
2/12/2019 0:00,4,2
2/12/2019 0:00,1,14
2/12/2019 3:00,3,16
2/12/2019 3:00,1,19
2/12/2019 3:00,5,19
2/12/2019 3:00,2,5
2/12/2019 3:00,4,5
2/12/2019 3:00,2,14
2/12/2019 3:00,4,17
2/13/2019 0:00,1,15
2/13/2019 0:00,2,12
2/13/2019 0:00,1,17
2/13/2019 3:00,3,11
2/13/2019 3:00,4,11
2/13/2019 3:00,1,11
2/13/2019 3:00,4,12
2/13/2019 3:00,1,4
2/13/2019 3:00,4,6
2/13/2019 3:00,5,10
2/14/2019 0:00,4,1
2/14/2019 0:00,2,10
2/14/2019 0:00,1,3
2/14/2019 3:00,1,14
2/14/2019 3:00,2,2
2/14/2019 3:00,5,7
2/14/2019 3:00,2,16
2/14/2019 3:00,3,3
2/14/2019 3:00,5,5
2/14/2019 3:00,2,20
2/15/2019 0:00,2,19
2/15/2019 0:00,5,14
2/15/2019 0:00,2,13
2/15/2019 3:00,2,9
2/15/2019 3:00,5,9
2/15/2019 3:00,4,1
2/15/2019 3:00,5,17
2/15/2019 3:00,5,8
2/15/2019 3:00,3,17
2/15/2019 3:00,1,4
2/16/2019 0:00,4,12
2/16/2019 0:00,3,12
2/16/2019 0:00,1,8
2/16/2019 3:00,4,21
2/16/2019 3:00,1,17
2/16/2019 3:00,1,15
2/16/2019 3:00,1,17
2/16/2019 3:00,4,1
2/16/2019 3:00,2,13
2/16/2019 3:00,4,9
2/17/2019 0:00,5,19
2/17/2019 0:00,1,14
2/17/2019 0:00,2,19
2/17/2019 3:00,5,14
2/17/2019 3:00,1,16
2/17/2019 3:00,4,8
2/17/2019 3:00,3,11
2/17/2019 3:00,4,12
2/17/2019 3:00,4,11
2/17/2019 3:00,1,6
2/18/2019 0:00,2,5
2/18/2019 0:00,3,13
2/18/2019 0:00,1,5
2/18/2019 3:00,1,20
2/18/2019 3:00,2,11
2/18/2019 3:00,1,1
2/18/2019 3:00,4,9
2/18/2019 3:00,2,11
2/18/2019 3:00,5,9
2/18/2019 3:00,5,16
2/19/2019 0:00,2,19
2/19/2019 0:00,5,14
2/19/2019 0:00,2,18
2/19/2019 3:00,1,20
2/19/2019 3:00,5,7
2/19/2019 3:00,2,21
2/19/2019 3:00,5,18
2/19/2019 3:00,4,21
2/19/2019 3:00,4,9
2/19/2019 3:00,3,16
2/2/2019 0:00,2,19
2/2/2019 0:00,2,2
2/2/2019 0:00,4,14
2/2/2019 3:00,2,14
2/2/2019 3:00,1,15
2/2/2019 3:00,1,12
2/2/2019 3:00,4,10
2/2/2019 3:00,3,12
2/2/2019 3:00,5,15
2/2/2019 3:00,2,8
2/20/2019 0:00,3,9
2/20/2019 0:00,2,19
2/20/2019 0:00,1,11
2/20/2019 3:00,3,2
2/20/2019 3:00,4,5
2/20/2019 3:00,5,16
2/20/2019 3:00,5,10
2/20/2019 3:00,5,10
2/20/2019 3:00,3,4
2/20/2019 3:00,1,11
2/21/2019 0:00,4,2
2/21/2019 0:00,1,2
2/21/2019 0:00,3,13
2/21/2019 3:00,5,6
2/21/2019 3:00,1,2
2/21/2019 3:00,1,2
2/21/2019 3:00,4,10
2/21/2019 3:00,2,15
2/21/2019 3:00,3,2
2/21/2019 3:00,5,18
2/22/2019 0:00,2,18
2/22/2019 0:00,5,20
2/22/2019 0:00,2,1
2/22/2019 3:00,2,9
2/22/2019 3:00,2,11
2/22/2019 3:00,1,13
2/22/2019 3:00,5,1
2/22/2019 3:00,1,9
2/22/2019 3:00,2,8
2/22/2019 3:00,3,7
2/23/2019 0:00,2,16
2/23/2019 0:00,3,9
2/23/2019 0:00,3,14
2/23/2019 3:00,5,21
2/23/2019 3:00,5,9
2/23/2019 3:00,4,7
2/23/2019 3:00,3,3
2/23/2019 3:00,2,1
2/23/2019 3:00,3,2
2/23/2019 3:00,2,6
2/24/2019 0:00,2,2
2/24/2019 0:00,1,12
2/24/2019 0:00,1,15
2/24/2019 3:00,4,11
2/24/2019 3:00,3,2
2/24/2019 3:00,5,9
2/24/2019 3:00,4,2
2/24/2019 3:00,2,6
2/24/2019 3:00,1,5
2/24/2019 3:00,5,14
2/25/2019 0:00,2,6
2/25/2019 0:00,5,7
2/25/2019 0:00,4,7
2/25/2019 3:00,5,2
2/25/2019 3:00,3,13
2/25/2019 3:00,3,17
2/25/2019 3:00,3,10
2/25/2019 3:00,3,15
2/25/2019 3:00,3,14
2/25/2019 3:00,5,9
2/26/2019 0:00,5,17
2/26/2019 0:00,1,19
2/26/2019 0:00,3,8
2/26/2019 3:00,1,1
2/26/2019 3:00,3,9
2/26/2019 3:00,1,19
2/26/2019 3:00,3,13
2/26/2019 3:00,2,1
2/26/2019 3:00,2,2
2/26/2019 3:00,2,8
2/27/2019 0:00,4,3
2/27/2019 0:00,4,14
2/27/2019 0:00,3,7
2/27/2019 3:00,3,19
2/27/2019 3:00,1,17
2/27/2019 3:00,3,13
2/27/2019 3:00,1,2
2/27/2019 3:00,3,19
2/27/2019 3:00,2,10
2/27/2019 3:00,3,10
2/28/2019 0:00,1,4
2/28/2019 0:00,3,7
2/28/2019 0:00,5,13
2/28/2019 3:00,5,20
2/28/2019 3:00,3,15
2/28/2019 3:00,1,19
2/28/2019 3:00,3,1
2/28/2019 3:00,3,7
2/28/2019 3:00,3,8
2/28/2019 3:00,1,2
2/3/2019 0:00,2,14
2/3/2019 0:00,1,21
2/3/2019 0:00,3,8
2/3/2019 3:00,4,19
2/3/2019 3:00,1,7
2/3/2019 3:00,2,13
2/3/2019 3:00,3,6
2/3/2019 3:00,4,15
2/3/2019 3:00,1,12
2/3/2019 3:00,1,6
2/4/2019 0:00,5,9
2/4/2019 0:00,1,9
2/4/2019 0:00,3,5
2/4/2019 3:00,5,18
2/4/2019 3:00,1,10
2/4/2019 3:00,3,1
2/4/2019 3:00,4,15
2/4/2019 3:00,1,17
2/4/2019 3:00,5,8
2/4/2019 3:00,1,10
2/5/2019 0:00,1,16
2/5/2019 0:00,2,15
2/5/2019 0:00,3,20
2/5/2019 3:00,5,13
2/5/2019 3:00,3,14
2/5/2019 3:00,5,21
2/5/2019 3:00,2,3
2/5/2019 3:00,4,19
2/5/2019 3:00,1,18
2/5/2019 3:00,1,2
2/6/2019 0:00,5,20
2/6/2019 0:00,4,15
2/6/2019 0:00,5,14
2/6/2019 3:00,5,12
2/6/2019 3:00,4,13
2/6/2019 3:00,3,5
2/6/2019 3:00,1,20
2/6/2019 3:00,4,10
2/6/2019 3:00,2,15
2/6/2019 3:00,3,20
2/7/2019 0:00,4,21
2/7/2019 0:00,3,11
2/7/2019 0:00,2,17
2/7/2019 3:00,5,5
2/7/2019 3:00,1,13
2/7/2019 3:00,2,1
2/7/2019 3:00,5,16
2/7/2019 3:00,3,14
2/7/2019 3:00,5,13
2/7/2019 3:00,3,21
2/8/2019 0:00,4,18
2/8/2019 0:00,2,18
2/8/2019 0:00,5,8
2/8/2019 3:00,2,19
2/8/2019 3:00,3,8
2/8/2019 3:00,5,8
2/8/2019 3:00,2,18
2/8/2019 3:00,3,5
2/8/2019 3:00,2,4
2/8/2019 3:00,5,2
2/9/2019 0:00,3,6
2/9/2019 0:00,1,15
2/9/2019 0:00,4,21
2/9/2019 3:00,4,5
2/9/2019 3:00,5,1
2/9/2019 3:00,5,15
2/9/2019 3:00,5,3
2/9/2019 3:00,4,11
2/9/2019 3:00,1,19
2/9/2019 3:00,2,21
3/1/2019 0:00,2,16
3/1/2019 0:00,2,3
3/1/2019 0:00,2,14
3/1/2019 3:00,5,9
3/1/2019 3:00,1,5
3/1/2019 3:00,2,2
3/1/2019 3:00,1,15
3/1/2019 3:00,5,14
3/1/2019 3:00,4,11
3/1/2019 3:00,5,3
3/10/2019 0:00,1,3
3/10/2019 0:00,1,8
3/10/2019 0:00,4,20
3/10/2019 3:00,3,14
3/10/2019 3:00,1,3
3/10/2019 3:00,5,20
3/10/2019 3:00,1,1
3/10/2019 3:00,2,15
3/10/2019 3:00,4,1
3/10/2019 3:00,2,16
3/11/2019 0:00,3,11
3/11/2019 0:00,4,18
3/11/2019 0:00,2,15
3/11/2019 3:00,2,19
3/11/2019 3:00,1,9
3/11/2019 3:00,3,18
3/11/2019 3:00,3,8
3/11/2019 3:00,3,13
3/11/2019 3:00,2,11
3/11/2019 3:00,1,21
3/12/2019 0:00,1,12
3/12/2019 0:00,5,17
3/12/2019 0:00,5,2
3/12/2019 3:00,1,2
3/12/2019 3:00,5,11
3/12/2019 3:00,5,20
3/12/2019 3:00,1,6
3/12/2019 3:00,1,12
3/12/2019 3:00,2,9
3/12/2019 3:00,5,21
3/13/2019 0:00,4,10
3/13/2019 0:00,4,8
3/13/2019 0:00,3,11
3/13/2019 3:00,3,5
3/13/2019 3:00,2,11
3/13/2019 3:00,3,13
3/13/2019 3:00,5,2
3/13/2019 3:00,5,16
3/13/2019 3:00,5,5
3/13/2019 3:00,3,21
3/14/2019 0:00,3,18
3/14/2019 0:00,2,15
3/14/2019 0:00,5,16
3/14/2019 3:00,1,4
3/14/2019 3:00,4,14
3/14/2019 3:00,1,11
3/14/2019 3:00,1,15
3/14/2019 3:00,2,1
3/14/2019 3:00,3,16
3/14/2019 3:00,5,20
3/15/2019 0:00,3,13
3/15/2019 0:00,4,9
3/15/2019 0:00,4,19
3/15/2019 3:00,2,17
3/15/2019 3:00,4,20
3/15/2019 3:00,5,12
3/15/2019 3:00,3,15
3/15/2019 3:00,2,21
3/15/2019 3:00,4,9
3/15/2019 3:00,5,2
3/16/2019 0:00,4,13
3/16/2019 0:00,2,15
3/16/2019 0:00,2,21
3/16/2019 3:00,2,21
3/16/2019 3:00,5,19
3/16/2019 3:00,5,5
3/16/2019 3:00,5,1
3/16/2019 3:00,3,17
3/16/2019 3:00,4,17
3/16/2019 3:00,3,12
3/17/2019 0:00,2,7
3/17/2019 0:00,1,5
3/17/2019 0:00,5,12
3/17/2019 3:00,5,17
3/17/2019 3:00,1,3
3/17/2019 3:00,1,8
3/17/2019 3:00,4,8
3/17/2019 3:00,4,12
3/17/2019 3:00,1,17
3/17/2019 3:00,3,5
3/18/2019 0:00,3,8
3/18/2019 0:00,5,1
3/18/2019 0:00,4,3
3/18/2019 3:00,3,5
3/18/2019 3:00,1,12
3/18/2019 3:00,4,10
3/18/2019 3:00,2,7
3/18/2019 3:00,5,18
3/18/2019 3:00,1,15
3/18/2019 3:00,3,18
3/19/2019 0:00,4,16
3/19/2019 0:00,5,17
3/19/2019 0:00,4,5
3/19/2019 3:00,4,11
3/19/2019 3:00,1,10
3/19/2019 3:00,3,20
3/19/2019 3:00,5,7
3/19/2019 3:00,4,12
3/19/2019 3:00,5,9
3/19/2019 3:00,3,10
3/2/2019 0:00,4,10
3/2/2019 0:00,3,14
3/2/2019 0:00,2,17
3/2/2019 3:00,3,17
3/2/2019 3:00,5,15
3/2/2019 3:00,4,1
3/2/2019 3:00,2,10
3/2/2019 3:00,1,16
3/2/2019 3:00,5,17
3/2/2019 3:00,1,13
3/20/2019 0:00,2,20
3/20/2019 0:00,3,4
3/20/2019 0:00,3,2
3/20/2019 3:00,4,18
3/20/2019 3:00,1,16
3/20/2019 3:00,5,8
3/20/2019 3:00,5,1
3/20/2019 3:00,3,4
3/20/2019 3:00,5,21
3/20/2019 3:00,5,11
3/21/2019 0:00,5,14
3/21/2019 0:00,2,5
3/21/2019 0:00,4,4
3/21/2019 3:00,4,9
3/21/2019 3:00,3,4
3/21/2019 3:00,3,4
3/21/2019 3:00,4,16
3/21/2019 3:00,4,11
3/21/2019 3:00,2,15
3/21/2019 3:00,1,13
3/22/2019 0:00,1,19
3/22/2019 0:00,4,14
3/22/2019 0:00,2,20
3/22/2019 3:00,3,8
3/22/2019 3:00,4,10
3/22/2019 3:00,4,17
3/22/2019 3:00,4,21
3/22/2019 3:00,5,11
3/22/2019 3:00,1,14
3/22/2019 3:00,4,10
3/23/2019 0:00,1,19
3/23/2019 0:00,1,11
3/23/2019 0:00,1,3
3/23/2019 3:00,1,10
3/23/2019 3:00,5,11
3/23/2019 3:00,4,4
3/23/2019 3:00,5,9
3/23/2019 3:00,4,14
3/23/2019 3:00,5,18
3/23/2019 3:00,4,12
3/24/2019 0:00,2,6
3/24/2019 0:00,1,3
3/24/2019 0:00,5,17
3/24/2019 3:00,3,17
3/24/2019 3:00,2,9
3/24/2019 3:00,1,17
3/24/2019 3:00,4,21
3/24/2019 3:00,4,18
3/24/2019 3:00,4,21
3/24/2019 3:00,3,11
3/25/2019 0:00,5,4
3/25/2019 0:00,5,2
3/25/2019 0:00,4,15
3/25/2019 3:00,4,11
3/25/2019 3:00,4,20
3/25/2019 3:00,1,9
3/25/2019 3:00,4,7
3/25/2019 3:00,1,21
3/25/2019 3:00,4,12
3/25/2019 3:00,5,7
3/26/2019 0:00,4,20
3/26/2019 0:00,1,7
3/26/2019 0:00,2,11
3/26/2019 3:00,3,14
3/26/2019 3:00,3,13
3/26/2019 3:00,2,18
3/26/2019 3:00,1,5
3/26/2019 3:00,5,12
3/26/2019 3:00,1,11
3/26/2019 3:00,1,7
3/27/2019 0:00,5,1
3/27/2019 0:00,4,6
3/27/2019 0:00,1,2
3/27/2019 3:00,4,8
3/27/2019 3:00,5,2
3/27/2019 3:00,5,13
3/27/2019 3:00,3,14
3/27/2019 3:00,2,19
3/27/2019 3:00,2,12
3/27/2019 3:00,5,20
3/28/2019 0:00,1,1
3/28/2019 0:00,1,11
3/28/2019 0:00,2,12
3/28/2019 3:00,1,19
3/28/2019 3:00,4,20
3/28/2019 3:00,5,6
3/28/2019 3:00,4,4
3/28/2019 3:00,5,1
3/28/2019 3:00,1,4
3/28/2019 3:00,3,1
3/29/2019 0:00,5,21
3/29/2019 0:00,2,4
3/29/2019 0:00,5,21
3/29/2019 3:00,5,10
3/29/2019 3:00,5,19
3/29/2019 3:00,1,2
3/29/2019 3:00,3,7
3/29/2019 3:00,1,17
3/29/2019 3:00,4,16
3/29/2019 3:00,2,5
3/3/2019 0:00,3,4
3/3/2019 0:00,3,13
3/3/2019 0:00,4,11
3/3/2019 3:00,5,1
3/3/2019 3:00,2,18
3/3/2019 3:00,4,20
3/3/2019 3:00,1,13
3/3/2019 3:00,1,4
3/3/2019 3:00,3,20
3/3/2019 3:00,1,4
3/30/2019 0:00,1,7
3/30/2019 0:00,5,20
3/30/2019 0:00,5,15
3/30/2019 3:00,1,18
3/30/2019 3:00,4,19
3/30/2019 3:00,4,3
3/30/2019 3:00,3,18
3/30/2019 3:00,5,13
3/30/2019 3:00,3,8
3/30/2019 3:00,4,8
3/31/2019 0:00,1,18
3/31/2019 0:00,3,1
3/31/2019 0:00,1,16
3/31/2019 3:00,5,3
3/31/2019 3:00,2,16
3/31/2019 3:00,5,10
3/31/2019 3:00,4,15
3/31/2019 3:00,3,20
3/31/2019 3:00,3,7
3/31/2019 3:00,1,6
3/4/2019 0:00,5,15
3/4/2019 0:00,2,5
3/4/2019 0:00,5,1
3/4/2019 3:00,5,3
3/4/2019 3:00,3,8
3/4/2019 3:00,1,18
3/4/2019 3:00,3,10
3/4/2019 3:00,1,19
3/4/2019 3:00,3,3
3/4/2019 3:00,3,4
3/5/2019 0:00,3,13
3/5/2019 0:00,5,15
3/5/2019 0:00,2,8
3/5/2019 3:00,1,3
3/5/2019 3:00,3,8
3/5/2019 3:00,4,12
3/5/2019 3:00,4,17
3/5/2019 3:00,3,2
3/5/2019 3:00,1,2
3/5/2019 3:00,1,10
3/6/2019 0:00,3,12
3/6/2019 0:00,3,12
3/6/2019 0:00,2,3
3/6/2019 3:00,4,2
3/6/2019 3:00,2,8
3/6/2019 3:00,5,9
3/6/2019 3:00,2,4
3/6/2019 3:00,3,11
3/6/2019 3:00,1,10
3/6/2019 3:00,2,10
3/7/2019 0:00,2,16
3/7/2019 0:00,4,7
3/7/2019 0:00,1,15
3/7/2019 3:00,2,20
3/7/2019 3:00,4,16
3/7/2019 3:00,4,1
3/7/2019 3:00,1,12
3/7/2019 3:00,4,16
3/7/2019 3:00,4,19
3/7/2019 3:00,2,19
3/8/2019 0:00,4,3
3/8/2019 0:00,2,16
3/8/2019 0:00,1,8
3/8/2019 3:00,2,8
3/8/2019 3:00,5,8
3/8/2019 3:00,3,19
3/8/2019 3:00,5,19
3/8/2019 3:00,2,9
3/8/2019 3:00,3,12
3/8/2019 3:00,4,10
3/9/2019 0:00,1,15
3/9/2019 0:00,5,19
3/9/2019 0:00,3,8
3/9/2019 3:00,4,15
3/9/2019 3:00,3,6
3/9/2019 3:00,4,1
3/9/2019 3:00,2,15
3/9/2019 3:00,1,14
3/9/2019 3:00,1,8
3/9/2019 3:00,5,8
4/1/2019 0:00,2,19
4/1/2019 0:00,5,13
4/1/2019 0:00,3,11
4/1/2019 3:00,2,16
4/1/2019 3:00,4,18
4/1/2019 3:00,4,9
4/1/2019 3:00,3,19
4/1/2019 3:00,3,19
4/1/2019 3:00,2,19
4/1/2019 3:00,3,19
4/10/2019 0:00,5,10
4/10/2019 0:00,2,10
4/10/2019 0:00,3,2
4/10/2019 3:00,5,1
4/10/2019 3:00,4,9
4/10/2019 3:00,4,10
4/10/2019 3:00,1,16
4/10/2019 3:00,1,19
4/10/2019 3:00,1,8
4/10/2019 3:00,4,2
4/11/2019 0:00,5,14
4/11/2019 0:00,4,19
4/11/2019 0:00,2,6
4/11/2019 3:00,5,16
4/11/2019 3:00,1,1
4/11/2019 3:00,3,5
4/11/2019 3:00,2,11
4/11/2019 3:00,2,12
4/11/2019 3:00,2,3
4/11/2019 3:00,1,17
4/12/2019 0:00,4,1
4/12/2019 0:00,1,12
4/12/2019 0:00,4,11
4/12/2019 3:00,1,3
4/12/2019 3:00,3,20
4/12/2019 3:00,1,12
4/12/2019 3:00,1,9
4/12/2019 3:00,5,13
4/12/2019 3:00,4,18
4/12/2019 3:00,3,20
4/13/2019 0:00,1,17
4/13/2019 0:00,2,20
4/13/2019 0:00,5,16
4/13/2019 3:00,2,17
4/13/2019 3:00,5,8
4/13/2019 3:00,2,18
4/13/2019 3:00,5,16
4/13/2019 3:00,2,2
4/13/2019 3:00,1,6
4/13/2019 3:00,1,1
4/14/2019 0:00,2,19
4/14/2019 0:00,1,12
4/14/2019 0:00,1,19
4/14/2019 3:00,1,21
4/14/2019 3:00,4,7
4/14/2019 3:00,5,1
4/14/2019 3:00,2,3
4/14/2019 3:00,2,10
4/14/2019 3:00,2,6
4/14/2019 3:00,4,8
4/15/2019 0:00,4,7
4/15/2019 0:00,5,4
4/15/2019 0:00,5,3
4/15/2019 3:00,1,5
4/15/2019 3:00,4,4
4/15/2019 3:00,1,9
4/15/2019 3:00,4,15
4/15/2019 3:00,2,3
4/15/2019 3:00,4,9
4/15/2019 3:00,2,10
4/16/2019 0:00,2,7
4/16/2019 0:00,4,13
4/16/2019 0:00,2,21
4/16/2019 3:00,2,21
4/16/2019 3:00,4,11
4/16/2019 3:00,5,10
4/16/2019 3:00,2,4
4/16/2019 3:00,1,2
4/16/2019 3:00,5,16
4/16/2019 3:00,3,9
4/17/2019 0:00,5,12
4/17/2019 0:00,1,7
4/17/2019 0:00,2,6
4/17/2019 3:00,1,16
4/17/2019 3:00,1,5
4/17/2019 3:00,4,17
4/17/2019 3:00,1,10
4/17/2019 3:00,1,15
4/17/2019 3:00,1,20
4/17/2019 3:00,2,1
4/18/2019 0:00,2,2
4/18/2019 0:00,1,9
4/18/2019 0:00,2,20
4/18/2019 3:00,4,21
4/18/2019 3:00,2,7
4/18/2019 3:00,2,6
4/18/2019 3:00,2,9
4/18/2019 3:00,3,18
4/18/2019 3:00,2,11
4/18/2019 3:00,1,20
4/19/2019 0:00,1,18
4/19/2019 0:00,1,8
4/19/2019 0:00,3,10
4/19/2019 3:00,5,16
4/19/2019 3:00,3,16
4/19/2019 3:00,5,9
4/19/2019 3:00,1,2
4/19/2019 3:00,3,14
4/19/2019 3:00,5,5
4/19/2019 3:00,5,8
4/2/2019 0:00,4,12
4/2/2019 0:00,1,19
4/2/2019 0:00,3,16
4/2/2019 3:00,1,13
4/2/2019 3:00,4,18
4/2/2019 3:00,3,17
4/2/2019 3:00,1,20
4/2/2019 3:00,4,12
4/2/2019 3:00,1,15
4/2/2019 3:00,3,4
4/20/2019 0:00,3,11
4/20/2019 0:00,3,18
4/20/2019 0:00,1,3
4/20/2019 3:00,1,19
4/20/2019 3:00,4,8
4/20/2019 3:00,3,10
4/20/2019 3:00,5,3
4/20/2019 3:00,1,6
4/20/2019 3:00,1,12
4/20/2019 3:00,5,2
4/21/2019 0:00,4,19
4/21/2019 0:00,2,18
4/21/2019 0:00,4,18
4/21/2019 3:00,3,1
4/21/2019 3:00,3,10
4/21/2019 3:00,2,7
4/21/2019 3:00,4,14
4/21/2019 3:00,1,6
4/21/2019 3:00,3,19
4/21/2019 3:00,4,11
4/22/2019 0:00,3,20
4/22/2019 0:00,3,4
4/22/2019 0:00,1,4
4/22/2019 3:00,2,7
4/22/2019 3:00,2,10
4/22/2019 3:00,3,15
4/22/2019 3:00,2,17
4/22/2019 3:00,3,15
4/22/2019 3:00,2,11
4/22/2019 3:00,2,8
4/23/2019 0:00,4,16
4/23/2019 0:00,1,7
4/23/2019 0:00,2,12
4/23/2019 3:00,5,5
4/23/2019 3:00,1,6
4/23/2019 3:00,1,11
4/23/2019 3:00,5,9
4/23/2019 3:00,5,15
4/23/2019 3:00,4,8
4/23/2019 3:00,5,19
4/24/2019 0:00,1,9
4/24/2019 0:00,1,6
4/24/2019 0:00,3,9
4/24/2019 3:00,3,3
4/24/2019 3:00,4,15
4/24/2019 3:00,2,3
4/24/2019 3:00,5,3
4/24/2019 3:00,4,4
4/24/2019 3:00,1,9
4/24/2019 3:00,4,15
4/25/2019 0:00,2,3
4/25/2019 0:00,5,13
4/25/2019 0:00,2,18
4/25/2019 3:00,3,18
4/25/2019 3:00,5,17
4/25/2019 3:00,2,17
4/25/2019 3:00,3,13
4/25/2019 3:00,2,21
4/25/2019 3:00,3,13
4/25/2019 3:00,5,18
4/26/2019 0:00,1,2
4/26/2019 0:00,1,12
4/26/2019 0:00,2,19
4/26/2019 3:00,3,10
4/26/2019 3:00,3,21
4/26/2019 3:00,3,11
4/26/2019 3:00,1,20
4/26/2019 3:00,3,1
4/26/2019 3:00,4,10
4/26/2019 3:00,1,7
4/27/2019 0:00,5,16
4/27/2019 0:00,5,5
4/27/2019 0:00,1,1
4/27/2019 3:00,2,6
4/27/2019 3:00,4,3
4/27/2019 3:00,5,4
4/27/2019 3:00,4,13
4/27/2019 3:00,1,3
4/27/2019 3:00,1,1
4/27/2019 3:00,4,10
4/28/2019 0:00,5,7
4/28/2019 0:00,3,7
4/28/2019 0:00,2,21
4/28/2019 3:00,5,21
4/28/2019 3:00,1,9
4/28/2019 3:00,3,10
4/28/2019 3:00,5,5
4/28/2019 3:00,1,21
4/28/2019 3:00,2,21
4/28/2019 3:00,3,15
4/29/2019 0:00,5,5
4/29/2019 0:00,5,13
4/29/2019 0:00,5,11
4/29/2019 3:00,1,10
4/29/2019 3:00,1,14
4/29/2019 3:00,1,3
4/29/2019 3:00,4,9
4/29/2019 3:00,2,7
4/29/2019 3:00,2,4
4/29/2019 3:00,1,1
4/3/2019 0:00,5,4
4/3/2019 0:00,2,12
4/3/2019 0:00,5,3
4/3/2019 3:00,3,3
4/3/2019 3:00,2,20
4/3/2019 3:00,3,11
4/3/2019 3:00,1,1
4/3/2019 3:00,2,16
4/3/2019 3:00,1,12
4/3/2019 3:00,1,1
4/30/2019 0:00,2,3
4/30/2019 0:00,5,14
4/30/2019 0:00,4,1
4/30/2019 3:00,3,14
4/30/2019 3:00,5,16
4/30/2019 3:00,3,5
4/30/2019 3:00,2,3
4/30/2019 3:00,4,1
4/30/2019 3:00,3,13
4/30/2019 3:00,2,2
4/4/2019 0:00,1,18
4/4/2019 0:00,4,6
4/4/2019 0:00,3,6
4/4/2019 3:00,4,10
4/4/2019 3:00,1,15
4/4/2019 3:00,3,8
4/4/2019 3:00,3,7
4/4/2019 3:00,1,1
4/4/2019 3:00,2,6
4/4/2019 3:00,2,20
4/5/2019 0:00,2,6
4/5/2019 0:00,4,19
4/5/2019 0:00,4,18
4/5/2019 3:00,4,13
4/5/2019 3:00,5,8
4/5/2019 3:00,2,16
4/5/2019 3:00,3,10
4/5/2019 3:00,4,11
4/5/2019 3:00,3,20
4/5/2019 3:00,3,14
4/6/2019 0:00,3,5
4/6/2019 0:00,3,5
4/6/2019 0:00,5,3
4/6/2019 3:00,1,16
4/6/2019 3:00,2,14
4/6/2019 3:00,5,19
4/6/2019 3:00,5,4
4/6/2019 3:00,5,11
4/6/2019 3:00,5,7
4/6/2019 3:00,2,14
4/7/2019 0:00,1,3
4/7/2019 0:00,2,13
4/7/2019 0:00,5,12
4/7/2019 3:00,1,3
4/7/2019 3:00,3,20
4/7/2019 3:00,5,12
4/7/2019 3:00,2,2
4/7/2019 3:00,2,18
4/7/2019 3:00,3,17
4/7/2019 3:00,2,3
4/8/2019 0:00,3,9
4/8/2019 0:00,2,5
4/8/2019 0:00,4,9
4/8/2019 3:00,3,9
4/8/2019 3:00,3,8
4/8/2019 3:00,2,2
4/8/2019 3:00,4,9
4/8/2019 3:00,4,20
4/8/2019 3:00,5,6
4/8/2019 3:00,3,15
4/9/2019 0:00,5,4
4/9/2019 0:00,2,8
4/9/2019 0:00,5,8
4/9/2019 3:00,5,19
4/9/2019 3:00,2,7
4/9/2019 3:00,4,2
4/9/2019 3:00,4,4
4/9/2019 3:00,5,18
4/9/2019 3:00,2,3
4/9/2019 3:00,3,9
5/1/2019 0:00,5,2
5/1/2019 0:00,1,7
5/1/2019 0:00,3,4
5/1/2019 3:00,5,15
5/1/2019 3:00,2,6
5/1/2019 3:00,2,6
5/1/2019 3:00,2,21
5/1/2019 3:00,4,6
5/1/2019 3:00,4,13
5/1/2019 3:00,1,10
5/10/2019 0:00,4,9
5/10/2019 3:00,3,12
5/10/2019 3:00,3,6
5/10/2019 3:00,5,11
5/10/2019 3:00,3,1
5/10/2019 3:00,2,1
5/10/2019 3:00,4,18
5/10/2019 3:00,5,10
5/11/2019 0:00,2,5
5/11/2019 3:00,5,13
5/11/2019 3:00,5,8
5/11/2019 3:00,3,2
5/11/2019 3:00,1,14
5/11/2019 3:00,2,9
5/11/2019 3:00,3,5
5/11/2019 3:00,1,3
5/12/2019 0:00,5,17
5/12/2019 3:00,1,10
5/12/2019 3:00,5,7
5/12/2019 3:00,2,20
5/12/2019 3:00,4,14
5/12/2019 3:00,4,18
5/12/2019 3:00,1,11
5/12/2019 3:00,3,11
5/13/2019 0:00,5,1
5/13/2019 3:00,2,1
5/13/2019 3:00,3,21
5/13/2019 3:00,4,8
5/13/2019 3:00,2,19
5/13/2019 3:00,5,11
5/13/2019 3:00,5,21
5/13/2019 3:00,5,4
5/14/2019 0:00,4,18
5/14/2019 3:00,5,7
5/14/2019 3:00,3,17
5/14/2019 3:00,4,19
5/14/2019 3:00,2,5
5/14/2019 3:00,3,12
5/14/2019 3:00,2,11
5/14/2019 3:00,1,8
5/15/2019 0:00,5,15
5/15/2019 3:00,5,2
5/15/2019 3:00,4,21
5/15/2019 3:00,2,17
5/15/2019 3:00,2,19
5/15/2019 3:00,5,5
5/15/2019 3:00,4,12
5/15/2019 3:00,4,3
5/16/2019 0:00,5,9
5/16/2019 3:00,5,21
5/16/2019 3:00,1,10
5/16/2019 3:00,1,17
5/16/2019 3:00,3,17
5/16/2019 3:00,5,4
5/16/2019 3:00,2,10
5/16/2019 3:00,1,12
5/17/2019 0:00,2,17
5/17/2019 3:00,4,3
5/17/2019 3:00,5,8
5/17/2019 3:00,2,2
5/17/2019 3:00,1,11
5/17/2019 3:00,1,19
5/17/2019 3:00,2,3
5/17/2019 3:00,2,17
5/18/2019 0:00,1,5
5/18/2019 3:00,5,9
5/18/2019 3:00,4,11
5/18/2019 3:00,1,15
5/18/2019 3:00,4,13
5/18/2019 3:00,2,1
5/18/2019 3:00,3,8
5/18/2019 3:00,5,10
5/19/2019 0:00,4,16
5/19/2019 3:00,1,21
5/19/2019 3:00,3,13
5/19/2019 3:00,5,21
5/19/2019 3:00,4,14
5/19/2019 3:00,4,8
5/19/2019 3:00,5,1
5/19/2019 3:00,2,2
5/2/2019 0:00,3,3
5/2/2019 0:00,1,7
5/2/2019 0:00,3,13
5/2/2019 3:00,1,7
5/2/2019 3:00,1,10
5/2/2019 3:00,5,19
5/2/2019 3:00,2,15
5/2/2019 3:00,5,20
5/2/2019 3:00,3,20
5/2/2019 3:00,2,17
5/20/2019 0:00,3,12
5/20/2019 3:00,5,2
5/20/2019 3:00,4,14
5/20/2019 3:00,1,10
5/20/2019 3:00,4,19
5/20/2019 3:00,4,17
5/20/2019 3:00,4,21
5/20/2019 3:00,1,16
5/21/2019 0:00,3,11
5/21/2019 3:00,2,21
5/21/2019 3:00,1,7
5/21/2019 3:00,3,18
5/21/2019 3:00,2,4
5/21/2019 3:00,2,16
5/21/2019 3:00,1,18
5/21/2019 3:00,2,6
5/22/2019 0:00,3,7
5/22/2019 3:00,3,21
5/22/2019 3:00,4,16
5/22/2019 3:00,2,16
5/22/2019 3:00,3,10
5/22/2019 3:00,4,20
5/22/2019 3:00,4,19
5/22/2019 3:00,2,15
5/23/2019 0:00,1,19
5/23/2019 3:00,2,5
5/23/2019 3:00,4,10
5/23/2019 3:00,4,21
5/23/2019 3:00,5,21
5/23/2019 3:00,1,15
5/23/2019 3:00,1,19
5/23/2019 3:00,1,21
5/24/2019 0:00,2,15
5/24/2019 3:00,4,11
5/24/2019 3:00,1,2
5/24/2019 3:00,4,17
5/24/2019 3:00,5,20
5/24/2019 3:00,2,4
5/24/2019 3:00,3,1
5/24/2019 3:00,3,11
5/25/2019 0:00,3,2
5/25/2019 3:00,3,10
5/25/2019 3:00,1,16
5/25/2019 3:00,3,4
5/25/2019 3:00,5,17
5/25/2019 3:00,5,15
5/25/2019 3:00,1,17
5/25/2019 3:00,2,18
5/26/2019 0:00,3,20
5/26/2019 3:00,4,17
5/26/2019 3:00,1,1
5/26/2019 3:00,3,2
5/26/2019 3:00,1,17
5/26/2019 3:00,2,11
5/26/2019 3:00,3,10
5/26/2019 3:00,4,20
5/27/2019 0:00,1,14
5/27/2019 3:00,3,12
5/27/2019 3:00,3,7
5/27/2019 3:00,3,21
5/27/2019 3:00,2,13
5/27/2019 3:00,1,1
5/27/2019 3:00,3,3
5/27/2019 3:00,4,18
5/28/2019 0:00,3,10
5/28/2019 3:00,4,4
5/28/2019 3:00,4,12
5/28/2019 3:00,5,14
5/28/2019 3:00,5,8
5/28/2019 3:00,1,20
5/28/2019 3:00,2,10
5/28/2019 3:00,1,20
5/29/2019 0:00,1,3
5/29/2019 3:00,5,12
5/29/2019 3:00,5,16
5/29/2019 3:00,3,18
5/29/2019 3:00,3,8
5/29/2019 3:00,4,1
5/29/2019 3:00,4,14
5/29/2019 3:00,1,20
5/3/2019 0:00,3,4
5/3/2019 3:00,5,20
5/3/2019 3:00,3,8
5/3/2019 3:00,5,3
5/3/2019 3:00,4,1
5/3/2019 3:00,5,2
5/3/2019 3:00,4,5
5/3/2019 3:00,1,13
5/30/2019 0:00,1,13
5/30/2019 3:00,5,4
5/30/2019 3:00,1,5
5/30/2019 3:00,5,6
5/30/2019 3:00,3,8
5/30/2019 3:00,3,7
5/30/2019 3:00,4,7
5/30/2019 3:00,1,16
5/31/2019 0:00,3,1
5/31/2019 3:00,1,9
5/31/2019 3:00,5,1
5/31/2019 3:00,4,17
5/31/2019 3:00,3,16
5/31/2019 3:00,1,18
5/31/2019 3:00,2,11
5/31/2019 3:00,2,15
5/4/2019 0:00,3,9
5/4/2019 3:00,5,8
5/4/2019 3:00,5,14
5/4/2019 3:00,2,3
5/4/2019 3:00,5,18
5/4/2019 3:00,4,6
5/4/2019 3:00,5,18
5/4/2019 3:00,5,12
5/5/2019 0:00,2,12
5/5/2019 3:00,2,3
5/5/2019 3:00,5,20
5/5/2019 3:00,1,2
5/5/2019 3:00,2,6
5/5/2019 3:00,5,13
5/5/2019 3:00,5,20
5/5/2019 3:00,3,1
5/6/2019 0:00,5,16
5/6/2019 3:00,1,16
5/6/2019 3:00,4,12
5/6/2019 3:00,3,3
5/6/2019 3:00,2,17
5/6/2019 3:00,5,16
5/6/2019 3:00,5,21
5/6/2019 3:00,3,20
5/7/2019 0:00,2,19
5/7/2019 3:00,1,6
5/7/2019 3:00,1,4
5/7/2019 3:00,3,3
5/7/2019 3:00,1,6
5/7/2019 3:00,3,7
5/7/2019 3:00,4,10
5/7/2019 3:00,5,15
5/8/2019 0:00,4,12
5/8/2019 3:00,1,18
5/8/2019 3:00,4,16
5/8/2019 3:00,2,18
5/8/2019 3:00,2,4
5/8/2019 3:00,5,7
5/8/2019 3:00,5,15
5/8/2019 3:00,2,12
5/9/2019 0:00,2,16
5/9/2019 3:00,5,1
5/9/2019 3:00,5,15
5/9/2019 3:00,3,14
5/9/2019 3:00,5,9
5/9/2019 3:00,3,8
5/9/2019 3:00,4,17
5/9/2019 3:00,2,21
6/1/2019 0:00,3,21
6/1/2019 3:00,1,9
6/1/2019 3:00,2,17
6/1/2019 3:00,5,3
6/1/2019 3:00,4,6
6/1/2019 3:00,4,20
6/1/2019 3:00,4,14
6/1/2019 3:00,3,17
6/10/2019 0:00,4,18
6/10/2019 3:00,2,18
6/10/2019 3:00,1,10
6/10/2019 3:00,2,18
6/10/2019 3:00,3,13
6/10/2019 3:00,5,14
6/10/2019 3:00,3,14
6/10/2019 3:00,3,18
6/11/2019 0:00,5,4
6/11/2019 3:00,3,7
6/11/2019 3:00,3,10
6/11/2019 3:00,5,15
6/11/2019 3:00,5,2
6/11/2019 3:00,1,8
6/11/2019 3:00,1,15
6/11/2019 3:00,1,15
6/12/2019 0:00,4,9
6/12/2019 3:00,3,7
6/12/2019 3:00,3,10
6/12/2019 3:00,4,19
6/12/2019 3:00,5,16
6/12/2019 3:00,5,5
6/12/2019 3:00,2,6
6/12/2019 3:00,4,7
6/13/2019 0:00,3,10
6/13/2019 3:00,3,1
6/13/2019 3:00,5,18
6/13/2019 3:00,2,15
6/13/2019 3:00,4,14
6/13/2019 3:00,1,7
6/13/2019 3:00,4,6
6/13/2019 3:00,4,12
6/14/2019 0:00,4,19
6/14/2019 3:00,3,20
6/14/2019 3:00,5,19
6/14/2019 3:00,3,17
6/14/2019 3:00,2,21
6/14/2019 3:00,1,16
6/14/2019 3:00,2,11
6/14/2019 3:00,3,18
6/15/2019 0:00,2,6
6/15/2019 3:00,5,6
6/15/2019 3:00,2,3
6/15/2019 3:00,5,6
6/15/2019 3:00,3,6
6/15/2019 3:00,5,16
6/15/2019 3:00,1,8
6/15/2019 3:00,4,6
6/16/2019 0:00,4,13
6/16/2019 3:00,1,10
6/16/2019 3:00,3,16
6/16/2019 3:00,5,5
6/16/2019 3:00,5,9
6/16/2019 3:00,3,9
6/16/2019 3:00,5,15
6/16/2019 3:00,1,1
6/17/2019 0:00,2,20
6/17/2019 3:00,1,16
6/17/2019 3:00,5,3
6/17/2019 3:00,1,5
6/17/2019 3:00,4,4
6/17/2019 3:00,3,4
6/17/2019 3:00,4,3
6/17/2019 3:00,1,3
6/18/2019 0:00,2,4
6/18/2019 3:00,4,20
6/18/2019 3:00,1,19
6/18/2019 3:00,1,21
6/18/2019 3:00,3,11
6/18/2019 3:00,4,6
6/18/2019 3:00,5,6
6/18/2019 3:00,5,14
6/19/2019 0:00,2,5
6/19/2019 3:00,2,3
6/19/2019 3:00,4,21
6/19/2019 3:00,1,1
6/19/2019 3:00,5,3
6/19/2019 3:00,1,13
6/19/2019 3:00,2,21
6/19/2019 3:00,3,10
6/2/2019 0:00,2,5
6/2/2019 3:00,5,18
6/2/2019 3:00,2,19
6/2/2019 3:00,5,4
6/2/2019 3:00,4,8
6/2/2019 3:00,5,5
6/2/2019 3:00,1,5
6/2/2019 3:00,4,13
6/20/2019 0:00,5,13
6/20/2019 3:00,5,12
6/20/2019 3:00,3,3
6/20/2019 3:00,4,1
6/20/2019 3:00,2,3
6/20/2019 3:00,5,18
6/20/2019 3:00,1,1
6/20/2019 3:00,4,17
6/21/2019 0:00,5,15
6/21/2019 3:00,4,3
6/21/2019 3:00,5,10
6/21/2019 3:00,2,9
6/21/2019 3:00,5,15
6/21/2019 3:00,1,13
6/21/2019 3:00,3,19
6/21/2019 3:00,2,8
6/22/2019 0:00,4,21
6/22/2019 3:00,3,18
6/22/2019 3:00,5,14
6/22/2019 3:00,5,14
6/22/2019 3:00,5,13
6/22/2019 3:00,1,15
6/22/2019 3:00,5,21
6/22/2019 3:00,4,7
6/23/2019 0:00,1,3
6/23/2019 3:00,3,11
6/23/2019 3:00,1,18
6/23/2019 3:00,3,6
6/23/2019 3:00,5,6
6/23/2019 3:00,4,9
6/23/2019 3:00,1,16
6/23/2019 3:00,4,8
6/24/2019 0:00,4,3
6/24/2019 3:00,4,9
6/24/2019 3:00,2,9
6/24/2019 3:00,4,1
6/24/2019 3:00,4,19
6/24/2019 3:00,2,15
6/24/2019 3:00,3,1
6/24/2019 3:00,1,3
6/25/2019 0:00,4,9
6/25/2019 3:00,1,14
6/25/2019 3:00,3,1
6/25/2019 3:00,3,21
6/25/2019 3:00,4,7
6/25/2019 3:00,3,21
6/25/2019 3:00,1,2
6/25/2019 3:00,5,12
6/26/2019 0:00,1,5
6/26/2019 3:00,1,3
6/26/2019 3:00,4,5
6/26/2019 3:00,4,16
6/26/2019 3:00,4,17
6/26/2019 3:00,3,5
6/26/2019 3:00,4,3
6/26/2019 3:00,1,7
6/27/2019 0:00,1,7
6/27/2019 3:00,2,5
6/27/2019 3:00,5,19
6/27/2019 3:00,1,7
6/27/2019 3:00,1,10
6/27/2019 3:00,4,9
6/27/2019 3:00,2,3
6/27/2019 3:00,5,2
6/28/2019 0:00,5,14
6/28/2019 3:00,3,3
6/28/2019 3:00,2,14
6/28/2019 3:00,2,13
6/28/2019 3:00,4,4
6/28/2019 3:00,4,12
6/28/2019 3:00,2,20
6/28/2019 3:00,3,13
6/29/2019 0:00,3,19
6/29/2019 3:00,4,4
6/29/2019 3:00,1,9
6/29/2019 3:00,5,1
6/29/2019 3:00,3,6
6/29/2019 3:00,3,9
6/29/2019 3:00,5,10
6/29/2019 3:00,3,11
6/3/2019 0:00,2,14
6/3/2019 3:00,4,1
6/3/2019 3:00,1,21
6/3/2019 3:00,4,6
6/3/2019 3:00,4,12
6/3/2019 3:00,1,3
6/3/2019 3:00,3,6
6/3/2019 3:00,2,19
6/30/2019 0:00,4,13
6/30/2019 3:00,3,9
6/30/2019 3:00,4,11
6/30/2019 3:00,3,8
6/30/2019 3:00,4,4
6/30/2019 3:00,5,7
6/30/2019 3:00,1,5
6/30/2019 3:00,4,18
6/4/2019 0:00,3,2
6/4/2019 3:00,3,10
6/4/2019 3:00,4,3
6/4/2019 3:00,2,19
6/4/2019 3:00,1,9
6/4/2019 3:00,3,1
6/4/2019 3:00,2,4
6/4/2019 3:00,5,9
6/5/2019 0:00,4,16
6/5/2019 3:00,1,1
6/5/2019 3:00,5,4
6/5/2019 3:00,1,2
6/5/2019 3:00,4,7
6/5/2019 3:00,3,3
6/5/2019 3:00,4,13
6/5/2019 3:00,2,19
6/6/2019 0:00,5,2
6/6/2019 3:00,5,8
6/6/2019 3:00,3,1
6/6/2019 3:00,5,20
6/6/2019 3:00,4,17
6/6/2019 3:00,5,9
6/6/2019 3:00,4,1
6/6/2019 3:00,1,16
6/7/2019 0:00,3,14
6/7/2019 3:00,5,13
6/7/2019 3:00,4,15
6/7/2019 3:00,2,9
6/7/2019 3:00,4,14
6/7/2019 3:00,4,9
6/7/2019 3:00,3,6
6/7/2019 3:00,4,10
6/8/2019 0:00,1,11
6/8/2019 3:00,1,17
6/8/2019 3:00,3,3
6/8/2019 3:00,5,18
6/8/2019 3:00,4,18
6/8/2019 3:00,3,13
6/8/2019 3:00,5,11
6/8/2019 3:00,4,15
6/9/2019 0:00,4,2
6/9/2019 3:00,4,12
6/9/2019 3:00,3,2
6/9/2019 3:00,3,17
6/9/2019 3:00,1,1
6/9/2019 3:00,4,17
6/9/2019 3:00,5,1
6/9/2019 3:00,2,21
7/1/2019 0:00,2,3
7/1/2019 3:00,2,4
7/1/2019 3:00,5,18
7/1/2019 3:00,2,6
7/1/2019 3:00,2,16
7/1/2019 3:00,1,14
7/1/2019 3:00,5,21
7/1/2019 3:00,5,10
7/10/2019 0:00,1,1
7/10/2019 3:00,4,13
7/10/2019 3:00,1,5
7/10/2019 3:00,2,10
7/10/2019 3:00,5,1
7/10/2019 3:00,3,21
7/10/2019 3:00,1,8
7/10/2019 3:00,5,15
7/11/2019 0:00,1,3
7/11/2019 3:00,3,12
7/11/2019 3:00,1,1
7/11/2019 3:00,2,7
7/11/2019 3:00,4,11
7/11/2019 3:00,2,9
7/11/2019 3:00,1,5
7/11/2019 3:00,2,9
7/12/2019 0:00,4,19
7/12/2019 3:00,1,12
7/12/2019 3:00,2,16
7/12/2019 3:00,4,9
7/12/2019 3:00,4,8
7/12/2019 3:00,5,15
7/12/2019 3:00,2,3
7/12/2019 3:00,4,9
7/13/2019 0:00,3,6
7/13/2019 3:00,5,7
7/13/2019 3:00,5,17
7/13/2019 3:00,2,6
7/13/2019 3:00,4,15
7/13/2019 3:00,4,3
7/13/2019 3:00,5,10
7/13/2019 3:00,4,8
7/14/2019 0:00,2,9
7/14/2019 3:00,3,19
7/14/2019 3:00,5,10
7/14/2019 3:00,4,4
7/14/2019 3:00,3,6
7/14/2019 3:00,1,17
7/14/2019 3:00,3,16
7/14/2019 3:00,4,17
7/15/2019 0:00,1,11
7/15/2019 3:00,2,13
7/15/2019 3:00,4,2
7/15/2019 3:00,4,7
7/15/2019 3:00,4,20
7/15/2019 3:00,1,17
7/15/2019 3:00,1,7
7/15/2019 3:00,2,16
7/16/2019 0:00,3,17
7/16/2019 3:00,1,16
7/16/2019 3:00,2,14
7/16/2019 3:00,5,13
7/16/2019 3:00,5,8
7/16/2019 3:00,2,18
7/16/2019 3:00,5,14
7/16/2019 3:00,3,2
7/17/2019 0:00,1,16
7/17/2019 3:00,2,12
7/17/2019 3:00,3,5
7/17/2019 3:00,4,3
7/17/2019 3:00,3,15
7/17/2019 3:00,1,12
7/17/2019 3:00,2,16
7/17/2019 3:00,1,12
7/18/2019 0:00,4,21
7/18/2019 3:00,1,12
7/18/2019 3:00,1,5
7/18/2019 3:00,2,15
7/18/2019 3:00,2,13
7/18/2019 3:00,3,6
7/18/2019 3:00,5,14
7/18/2019 3:00,5,2
7/19/2019 0:00,1,12
7/19/2019 3:00,1,16
7/19/2019 3:00,4,8
7/19/2019 3:00,5,10
7/19/2019 3:00,1,3
7/19/2019 3:00,4,17
7/19/2019 3:00,2,4
7/19/2019 3:00,4,20
7/2/2019 0:00,1,21
7/2/2019 3:00,3,14
7/2/2019 3:00,2,16
7/2/2019 3:00,2,18
7/2/2019 3:00,2,15
7/2/2019 3:00,5,5
7/2/2019 3:00,5,15
7/2/2019 3:00,2,8
7/20/2019 0:00,5,13
7/20/2019 3:00,4,15
7/20/2019 3:00,3,15
7/20/2019 3:00,1,16
7/20/2019 3:00,2,18
7/20/2019 3:00,3,21
7/20/2019 3:00,4,8
7/20/2019 3:00,1,1
7/21/2019 0:00,5,6
7/21/2019 3:00,3,3
7/21/2019 3:00,2,8
7/21/2019 3:00,5,16
7/21/2019 3:00,2,3
7/21/2019 3:00,1,18
7/21/2019 3:00,4,7
7/21/2019 3:00,5,21
7/22/2019 0:00,4,14
7/22/2019 3:00,4,14
7/22/2019 3:00,3,11
7/22/2019 3:00,1,6
7/22/2019 3:00,3,11
7/22/2019 3:00,3,17
7/22/2019 3:00,4,10
7/22/2019 3:00,4,1
7/23/2019 0:00,5,21
7/23/2019 3:00,3,13
7/23/2019 3:00,3,10
7/23/2019 3:00,1,20
7/23/2019 3:00,5,19
7/23/2019 3:00,2,5
7/23/2019 3:00,3,7
7/23/2019 3:00,1,19
7/24/2019 0:00,2,2
7/24/2019 3:00,5,15
7/24/2019 3:00,2,21
7/24/2019 3:00,3,18
7/24/2019 3:00,3,3
7/24/2019 3:00,3,10
7/24/2019 3:00,2,13
7/24/2019 3:00,5,13
7/25/2019 0:00,1,2
7/25/2019 3:00,1,19
7/25/2019 3:00,2,19
7/25/2019 3:00,5,5
7/25/2019 3:00,3,13
7/25/2019 3:00,2,1
7/25/2019 3:00,4,8
7/25/2019 3:00,2,21
7/26/2019 0:00,2,8
7/26/2019 3:00,2,12
7/26/2019 3:00,4,2
7/26/2019 3:00,5,17
7/26/2019 3:00,5,2
7/26/2019 3:00,3,10
7/26/2019 3:00,1,3
7/26/2019 3:00,2,15
7/27/2019 0:00,5,9
7/27/2019 3:00,2,17
7/27/2019 3:00,5,2
7/27/2019 3:00,1,3
7/27/2019 3:00,5,4
7/27/2019 3:00,5,20
7/27/2019 3:00,2,11
7/27/2019 3:00,1,21
7/28/2019 0:00,5,10
7/28/2019 3:00,3,10
7/28/2019 3:00,1,11
7/28/2019 3:00,1,18
7/28/2019 3:00,3,11
7/28/2019 3:00,3,16
7/28/2019 3:00,5,10
7/28/2019 3:00,1,11
7/29/2019 0:00,3,14
7/29/2019 3:00,3,11
7/29/2019 3:00,1,1
7/29/2019 3:00,3,5
7/29/2019 3:00,2,16
7/29/2019 3:00,1,3
7/29/2019 3:00,4,17
7/29/2019 3:00,2,8
7/3/2019 0:00,4,12
7/3/2019 3:00,5,1
7/3/2019 3:00,5,11
7/3/2019 3:00,3,8
7/3/2019 3:00,2,4
7/3/2019 3:00,2,19
7/3/2019 3:00,3,5
7/3/2019 3:00,4,1
7/30/2019 0:00,5,17
7/30/2019 3:00,2,6
7/30/2019 3:00,2,11
7/30/2019 3:00,3,9
7/30/2019 3:00,1,2
7/30/2019 3:00,2,11
7/30/2019 3:00,2,7
7/30/2019 3:00,3,7
7/31/2019 0:00,4,11
7/31/2019 3:00,5,3
7/31/2019 3:00,2,12
7/31/2019 3:00,1,5
7/31/2019 3:00,4,10
7/31/2019 3:00,4,1
7/31/2019 3:00,5,15
7/31/2019 3:00,1,2
7/31/2019 9:04,1,10
7/31/2019 9:04,2,6
7/31/2019 9:04,2,13
7/31/2019 9:04,3,16
7/31/2019 9:04,4,5
7/4/2019 0:00,1,2
7/4/2019 3:00,2,7
7/4/2019 3:00,1,14
7/4/2019 3:00,1,21
7/4/2019 3:00,2,9
7/4/2019 3:00,4,7
7/4/2019 3:00,3,7
7/4/2019 3:00,5,11
7/5/2019 0:00,5,21
7/5/2019 3:00,5,21
7/5/2019 3:00,4,5
7/5/2019 3:00,5,21
7/5/2019 3:00,1,2
7/5/2019 3:00,1,20
7/5/2019 3:00,1,19
7/5/2019 3:00,4,19
7/6/2019 0:00,3,13
7/6/2019 3:00,2,2
7/6/2019 3:00,3,19
7/6/2019 3:00,2,1
7/6/2019 3:00,2,10
7/6/2019 3:00,1,21
7/6/2019 3:00,5,4
7/6/2019 3:00,5,1
7/7/2019 0:00,5,5
7/7/2019 3:00,3,10
7/7/2019 3:00,1,1
7/7/2019 3:00,2,1
7/7/2019 3:00,5,10
7/7/2019 3:00,5,18
7/7/2019 3:00,4,5
7/7/2019 3:00,3,7
7/8/2019 0:00,4,9
7/8/2019 3:00,4,9
7/8/2019 3:00,1,6
7/8/2019 3:00,5,4
7/8/2019 3:00,4,11
7/8/2019 3:00,4,19
7/8/2019 3:00,1,11
7/8/2019 3:00,5,18
7/9/2019 0:00,3,11
7/9/2019 3:00,3,8
7/9/2019 3:00,5,19
7/9/2019 3:00,3,18
7/9/2019 3:00,2,17
7/9/2019 3:00,1,1
7/9/2019 3:00,3,17
7/9/2019 3:00,4,8
8/1/2019 0:00,2,13
8/1/2019 3:00,1,13
8/1/2019 3:00,1,18
8/1/2019 3:00,5,20
8/1/2019 3:00,4,3
8/1/2019 3:00,3,13
8/1/2019 3:00,3,1
8/1/2019 3:00,5,17
8/1/2019 9:04,1,9
8/1/2019 9:04,4,15
8/1/2019 9:04,3,14
8/1/2019 9:04,3,18
8/1/2019 9:04,4,21
8/10/2019 0:00,1,10
8/10/2019 3:00,4,7
8/10/2019 3:00,5,8
8/10/2019 3:00,2,15
8/10/2019 3:00,5,3
8/10/2019 3:00,5,20
8/10/2019 3:00,4,12
8/10/2019 3:00,3,8
8/10/2019 9:04,1,10
8/10/2019 9:04,3,14
8/10/2019 9:04,3,21
8/10/2019 9:04,2,4
8/10/2019 9:04,3,11
8/11/2019 0:00,2,16
8/11/2019 3:00,2,10
8/11/2019 3:00,5,9
8/11/2019 3:00,1,18
8/11/2019 3:00,1,7
8/11/2019 3:00,1,14
8/11/2019 3:00,3,15
8/11/2019 3:00,4,9
8/11/2019 9:04,2,1
8/11/2019 9:04,5,13
8/11/2019 9:04,1,5
8/11/2019 9:04,2,7
8/11/2019 9:04,2,16
8/12/2019 0:00,2,10
8/12/2019 3:00,5,18
8/12/2019 3:00,2,8
8/12/2019 3:00,4,6
8/12/2019 3:00,1,2
8/12/2019 3:00,5,2
8/12/2019 3:00,1,21
8/12/2019 3:00,5,18
8/12/2019 9:04,3,8
8/12/2019 9:04,2,7
8/12/2019 9:04,3,10
8/12/2019 9:04,2,10
8/12/2019 9:04,2,10
8/13/2019 0:00,3,16
8/13/2019 3:00,2,7
8/13/2019 3:00,1,6
8/13/2019 3:00,2,6
8/13/2019 3:00,1,9
8/13/2019 3:00,4,12
8/13/2019 3:00,1,12
8/13/2019 3:00,4,15
8/13/2019 9:04,3,13
8/13/2019 9:04,4,14
8/13/2019 9:04,5,7
8/13/2019 9:04,2,6
8/13/2019 9:04,1,7
8/14/2019 0:00,4,12
8/14/2019 3:00,1,7
8/14/2019 3:00,5,5
8/14/2019 3:00,5,19
8/14/2019 3:00,4,3
8/14/2019 3:00,2,18
8/14/2019 3:00,1,18
8/14/2019 3:00,5,5
8/14/2019 9:04,1,10
8/14/2019 9:04,1,1
8/14/2019 9:04,3,17
8/14/2019 9:04,4,10
8/14/2019 9:04,2,8
8/15/2019 0:00,1,21
8/15/2019 3:00,1,13
8/15/2019 3:00,1,14
8/15/2019 3:00,5,15
8/15/2019 3:00,4,21
8/15/2019 3:00,2,15
8/15/2019 3:00,5,5
8/15/2019 3:00,4,7
8/15/2019 9:04,4,16
8/15/2019 9:04,1,9
8/15/2019 9:04,2,14
8/15/2019 9:04,5,3
8/15/2019 9:04,3,18
8/16/2019 0:00,3,3
8/16/2019 3:00,2,21
8/16/2019 3:00,3,13
8/16/2019 3:00,2,7
8/16/2019 3:00,4,19
8/16/2019 3:00,4,7
8/16/2019 3:00,5,2
8/16/2019 3:00,3,6
8/16/2019 9:04,5,15
8/16/2019 9:04,1,9
8/16/2019 9:04,1,20
8/16/2019 9:04,2,13
8/16/2019 9:04,1,12
8/17/2019 0:00,5,20
8/17/2019 3:00,2,3
8/17/2019 3:00,2,9
8/17/2019 3:00,2,13
8/17/2019 3:00,4,10
8/17/2019 3:00,1,4
8/17/2019 3:00,5,15
8/17/2019 3:00,2,20
8/17/2019 9:04,1,12
8/17/2019 9:04,4,5
8/17/2019 9:04,1,11
8/17/2019 9:04,5,4
8/17/2019 9:04,1,12
8/18/2019 0:00,4,6
8/18/2019 3:00,5,6
8/18/2019 3:00,1,13
8/18/2019 3:00,2,7
8/18/2019 3:00,2,8
8/18/2019 3:00,4,12
8/18/2019 3:00,1,4
8/18/2019 3:00,3,6
8/18/2019 9:04,5,4
8/18/2019 9:04,1,10
8/18/2019 9:04,5,5
8/18/2019 9:04,2,10
8/18/2019 9:04,3,18
8/19/2019 0:00,3,2
8/19/2019 3:00,4,20
8/19/2019 3:00,5,11
8/19/2019 3:00,1,13
8/19/2019 3:00,4,18
8/19/2019 3:00,5,1
8/19/2019 3:00,1,4
8/19/2019 3:00,5,3
8/19/2019 9:04,1,6
8/19/2019 9:04,3,11
8/19/2019 9:04,2,17
8/19/2019 9:04,2,7
8/19/2019 9:04,5,16
8/2/2019 0:00,2,18
8/2/2019 3:00,1,15
8/2/2019 3:00,3,3
8/2/2019 3:00,2,15
8/2/2019 3:00,5,7
8/2/2019 3:00,5,4
8/2/2019 3:00,4,21
8/2/2019 3:00,4,5
8/2/2019 9:04,4,7
8/2/2019 9:04,2,11
8/2/2019 9:04,3,8
8/2/2019 9:04,4,9
8/2/2019 9:04,1,17
8/20/2019 0:00,5,7
8/20/2019 3:00,1,16
8/20/2019 3:00,2,21
8/20/2019 3:00,1,10
8/20/2019 3:00,4,7
8/20/2019 3:00,4,12
8/20/2019 3:00,4,9
8/20/2019 3:00,5,2
8/20/2019 9:04,3,7
8/20/2019 9:04,4,12
8/20/2019 9:04,2,9
8/20/2019 9:04,3,6
8/20/2019 9:04,1,4
8/21/2019 0:00,5,3
8/21/2019 3:00,4,11
8/21/2019 3:00,5,13
8/21/2019 3:00,1,20
8/21/2019 3:00,3,19
8/21/2019 3:00,1,18
8/21/2019 3:00,5,6
8/21/2019 3:00,1,8
8/21/2019 9:04,2,10
8/21/2019 9:04,3,20
8/21/2019 9:04,5,12
8/21/2019 9:04,5,9
8/21/2019 9:04,5,21
8/22/2019 0:00,1,1
8/22/2019 3:00,4,17
8/22/2019 3:00,2,3
8/22/2019 3:00,1,15
8/22/2019 3:00,4,11
8/22/2019 3:00,1,9
8/22/2019 3:00,3,2
8/22/2019 3:00,2,2
8/22/2019 9:04,2,9
8/22/2019 9:04,4,15
8/22/2019 9:04,3,13
8/22/2019 9:04,5,2
8/22/2019 9:04,4,10
8/23/2019 0:00,3,18
8/23/2019 3:00,1,2
8/23/2019 3:00,1,3
8/23/2019 3:00,1,19
8/23/2019 3:00,4,16
8/23/2019 3:00,5,4
8/23/2019 3:00,4,17
8/23/2019 3:00,1,4
8/23/2019 9:04,4,13
8/23/2019 9:04,2,18
8/23/2019 9:04,2,2
8/23/2019 9:04,2,7
8/23/2019 9:04,4,1
8/24/2019 0:00,1,16
8/24/2019 3:00,3,16
8/24/2019 3:00,5,8
8/24/2019 3:00,3,13
8/24/2019 3:00,3,4
8/24/2019 3:00,3,12
8/24/2019 3:00,3,9
8/24/2019 3:00,1,12
8/24/2019 9:04,2,7
8/24/2019 9:04,2,11
8/24/2019 9:04,2,4
8/24/2019 9:04,2,9
8/24/2019 9:04,3,11
8/25/2019 0:00,5,12
8/25/2019 3:00,4,3
8/25/2019 3:00,5,15
8/25/2019 3:00,3,7
8/25/2019 3:00,3,13
8/25/2019 3:00,2,13
8/25/2019 3:00,1,17
8/25/2019 3:00,4,21
8/25/2019 9:04,1,9
8/25/2019 9:04,2,1
8/25/2019 9:04,1,1
8/25/2019 9:04,4,15
8/25/2019 9:04,4,3
8/26/2019 0:00,2,21
8/26/2019 3:00,3,10
8/26/2019 3:00,5,16
8/26/2019 3:00,3,10
8/26/2019 3:00,2,13
8/26/2019 3:00,1,6
8/26/2019 3:00,3,9
8/26/2019 3:00,5,21
8/26/2019 9:04,3,11
8/26/2019 9:04,5,10
8/26/2019 9:04,3,9
8/26/2019 9:04,4,10
8/26/2019 9:04,5,19
8/27/2019 0:00,3,15
8/27/2019 3:00,5,5
8/27/2019 3:00,2,13
8/27/2019 3:00,4,10
8/27/2019 3:00,1,13
8/27/2019 3:00,2,5
8/27/2019 3:00,3,19
8/27/2019 3:00,5,11
8/27/2019 9:04,4,17
8/27/2019 9:04,3,10
8/27/2019 9:04,3,18
8/27/2019 9:04,5,12
8/27/2019 9:04,4,5
8/28/2019 0:00,3,3
8/28/2019 3:00,2,17
8/28/2019 3:00,5,2
8/28/2019 3:00,2,11
8/28/2019 3:00,2,11
8/28/2019 3:00,4,5
8/28/2019 3:00,4,6
8/28/2019 3:00,4,13
8/28/2019 9:04,5,13
8/28/2019 9:04,2,2
8/28/2019 9:04,3,17
8/28/2019 9:04,2,2
8/28/2019 9:04,5,9
8/29/2019 0:00,3,10
8/29/2019 3:00,1,12
8/29/2019 3:00,2,7
8/29/2019 3:00,2,9
8/29/2019 3:00,1,7
8/29/2019 3:00,4,18
8/29/2019 3:00,1,13
8/29/2019 3:00,1,18
8/29/2019 9:04,3,3
8/29/2019 9:04,1,20
8/29/2019 9:04,1,15
8/29/2019 9:04,4,2
8/29/2019 9:04,3,1
8/3/2019 0:00,4,18
8/3/2019 3:00,2,3
8/3/2019 3:00,4,17
8/3/2019 3:00,5,3
8/3/2019 3:00,1,1
8/3/2019 3:00,4,19
8/3/2019 3:00,2,7
8/3/2019 3:00,1,11
8/3/2019 9:04,5,19
8/3/2019 9:04,3,5
8/3/2019 9:04,5,21
8/3/2019 9:04,1,13
8/3/2019 9:04,4,13
8/30/2019 0:00,2,14
8/30/2019 3:00,2,8
8/30/2019 3:00,4,20
8/30/2019 3:00,2,20
8/30/2019 3:00,2,11
8/30/2019 3:00,5,20
8/30/2019 3:00,3,2
8/30/2019 3:00,3,10
8/30/2019 9:04,1,7
8/30/2019 9:04,5,16
8/30/2019 9:04,2,19
8/30/2019 9:04,2,5
8/30/2019 9:04,5,20
8/31/2019 0:00,1,11
8/31/2019 3:00,5,5
8/31/2019 3:00,4,18
8/31/2019 3:00,5,16
8/31/2019 3:00,1,20
8/31/2019 3:00,3,17
8/31/2019 3:00,5,1
8/31/2019 3:00,4,20
8/31/2019 9:04,1,10
8/31/2019 9:04,1,14
8/31/2019 9:04,2,20
8/31/2019 9:04,1,9
8/31/2019 9:04,1,4
8/4/2019 0:00,4,19
8/4/2019 3:00,2,20
8/4/2019 3:00,1,4
8/4/2019 3:00,3,6
8/4/2019 3:00,5,21
8/4/2019 3:00,3,15
8/4/2019 3:00,4,4
8/4/2019 3:00,2,20
8/4/2019 9:04,1,18
8/4/2019 9:04,4,15
8/4/2019 9:04,1,13
8/4/2019 9:04,2,19
8/4/2019 9:04,3,19
8/5/2019 0:00,5,14
8/5/2019 3:00,3,21
8/5/2019 3:00,5,10
8/5/2019 3:00,4,5
8/5/2019 3:00,2,9
8/5/2019 3:00,4,16
8/5/2019 3:00,2,9
8/5/2019 3:00,2,11
8/5/2019 9:04,3,5
8/5/2019 9:04,4,21
8/5/2019 9:04,1,10
8/5/2019 9:04,3,8
8/5/2019 9:04,5,16
8/6/2019 0:00,4,19
8/6/2019 3:00,2,6
8/6/2019 3:00,5,10
8/6/2019 3:00,2,4
8/6/2019 3:00,5,20
8/6/2019 3:00,2,3
8/6/2019 3:00,5,10
8/6/2019 3:00,5,21
8/6/2019 9:04,5,9
8/6/2019 9:04,3,11
8/6/2019 9:04,3,2
8/6/2019 9:04,4,11
8/6/2019 9:04,5,15
8/7/2019 0:00,3,13
8/7/2019 3:00,4,10
8/7/2019 3:00,4,4
8/7/2019 3:00,3,9
8/7/2019 3:00,5,15
8/7/2019 3:00,5,10
8/7/2019 3:00,4,11
8/7/2019 3:00,3,18
8/7/2019 9:04,1,16
8/7/2019 9:04,5,8
8/7/2019 9:04,2,18
8/7/2019 9:04,3,2
8/7/2019 9:04,5,7
8/8/2019 0:00,5,7
8/8/2019 3:00,4,10
8/8/2019 3:00,5,5
8/8/2019 3:00,2,2
8/8/2019 3:00,4,6
8/8/2019 3:00,1,8
8/8/2019 3:00,4,20
8/8/2019 3:00,5,13
8/8/2019 9:04,1,1
8/8/2019 9:04,2,4
8/8/2019 9:04,5,21
8/8/2019 9:04,4,5
8/8/2019 9:04,1,4
8/9/2019 0:00,5,14
8/9/2019 3:00,4,3
8/9/2019 3:00,5,9
8/9/2019 3:00,4,13
8/9/2019 3:00,5,14
8/9/2019 3:00,4,21
8/9/2019 3:00,5,14
8/9/2019 3:00,3,12
8/9/2019 9:04,3,16
8/9/2019 9:04,5,14
8/9/2019 9:04,5,5
8/9/2019 9:04,5,9
9/1/2019 0:00,3,2
9/1/2019 3:00,4,1
9/1/2019 3:00,2,9
9/1/2019 3:00,5,8
9/1/2019 3:00,3,14
9/1/2019 3:00,4,19
9/1/2019 3:00,5,3
9/1/2019 3:00,1,12
9/1/2019 9:04,4,10
9/1/2019 9:04,5,5
9/1/2019 9:04,5,14
9/1/2019 9:04,5,15
9/1/2019 9:04,5,7
9/10/2019 0:00,5,6
9/10/2019 3:00,2,11
9/10/2019 3:00,5,9
9/10/2019 3:00,1,1
9/10/2019 3:00,2,20
9/10/2019 3:00,5,6
9/10/2019 3:00,2,8
9/10/2019 3:00,3,7
9/10/2019 9:04,4,15
9/10/2019 9:04,3,21
9/10/2019 9:04,2,20
9/10/2019 9:04,2,18
9/10/2019 9:04,2,13
9/11/2019 0:00,2,8
9/11/2019 3:00,5,4
9/11/2019 3:00,2,2
9/11/2019 3:00,3,18
9/11/2019 3:00,3,18
9/11/2019 3:00,1,3
9/11/2019 3:00,4,5
9/11/2019 3:00,5,20
9/11/2019 9:04,3,8
9/11/2019 9:04,5,19
9/11/2019 9:04,5,17
9/11/2019 9:04,1,3
9/11/2019 9:04,4,10
9/12/2019 0:00,5,13
9/12/2019 3:00,2,19
9/12/2019 3:00,1,1
9/12/2019 3:00,3,6
9/12/2019 3:00,3,3
9/12/2019 3:00,4,7
9/12/2019 3:00,4,21
9/12/2019 3:00,4,19
9/12/2019 9:04,5,1
9/12/2019 9:04,2,11
9/12/2019 9:04,5,1
9/12/2019 9:04,5,18
9/12/2019 9:04,3,1
9/13/2019 0:00,2,4
9/13/2019 3:00,3,10
9/13/2019 3:00,1,14
9/13/2019 3:00,4,3
9/13/2019 3:00,4,12
9/13/2019 3:00,4,17
9/13/2019 3:00,4,10
9/13/2019 3:00,4,9
9/13/2019 9:04,4,17
9/13/2019 9:04,2,2
9/13/2019 9:04,3,7
9/13/2019 9:04,4,13
9/13/2019 9:04,4,13
9/14/2019 0:00,3,19
9/14/2019 3:00,3,20
9/14/2019 3:00,4,7
9/14/2019 3:00,4,21
9/14/2019 3:00,2,4
9/14/2019 3:00,4,12
9/14/2019 3:00,4,14
9/14/2019 3:00,5,12
9/14/2019 9:04,2,19
9/14/2019 9:04,5,4
9/14/2019 9:04,3,2
9/14/2019 9:04,3,15
9/14/2019 9:04,4,10
9/15/2019 0:00,1,7
9/15/2019 3:00,5,8
9/15/2019 3:00,5,16
9/15/2019 3:00,5,21
9/15/2019 3:00,5,2
9/15/2019 3:00,2,10
9/15/2019 3:00,2,1
9/15/2019 3:00,5,8
9/15/2019 9:04,1,14
9/15/2019 9:04,5,17
9/15/2019 9:04,2,9
9/15/2019 9:04,4,18
9/15/2019 9:04,4,10
9/16/2019 0:00,2,21
9/16/2019 3:00,3,3
9/16/2019 3:00,2,20
9/16/2019 3:00,3,11
9/16/2019 3:00,4,13
9/16/2019 3:00,4,20
9/16/2019 3:00,2,1
9/16/2019 3:00,2,17
9/16/2019 9:04,3,7
9/16/2019 9:04,5,10
9/16/2019 9:04,4,19
9/16/2019 9:04,1,13
9/16/2019 9:04,4,13
9/17/2019 0:00,5,17
9/17/2019 3:00,2,20
9/17/2019 3:00,3,3
9/17/2019 3:00,5,15
9/17/2019 3:00,2,15
9/17/2019 3:00,1,4
9/17/2019 3:00,1,12
9/17/2019 3:00,5,10
9/17/2019 9:04,4,11
9/17/2019 9:04,4,2
9/17/2019 9:04,1,14
9/17/2019 9:04,5,8
9/17/2019 9:04,5,11
9/18/2019 0:00,2,20
9/18/2019 3:00,3,11
9/18/2019 3:00,4,7
9/18/2019 3:00,1,2
9/18/2019 3:00,3,17
9/18/2019 3:00,5,20
9/18/2019 3:00,5,6
9/18/2019 3:00,4,16
9/18/2019 9:04,1,15
9/18/2019 9:04,5,12
9/18/2019 9:04,5,12
9/18/2019 9:04,5,20
9/18/2019 9:04,5,17
9/19/2019 0:00,3,13
9/19/2019 3:00,5,7
9/19/2019 3:00,3,12
9/19/2019 3:00,1,8
9/19/2019 3:00,2,13
9/19/2019 3:00,3,11
9/19/2019 3:00,4,16
9/19/2019 3:00,3,19
9/19/2019 9:04,5,12
9/19/2019 9:04,5,8
9/19/2019 9:04,2,21
9/19/2019 9:04,5,13
9/19/2019 9:04,5,21
9/2/2019 0:00,4,11
9/2/2019 3:00,2,12
9/2/2019 3:00,1,2
9/2/2019 3:00,4,15
9/2/2019 3:00,4,21
9/2/2019 3:00,2,10
9/2/2019 3:00,3,12
9/2/2019 3:00,4,10
9/2/2019 9:04,3,19
9/2/2019 9:04,1,14
9/2/2019 9:04,1,9
9/2/2019 9:04,2,5
9/2/2019 9:04,2,16
9/20/2019 0:00,3,11
9/20/2019 3:00,5,7
9/20/2019 3:00,3,21
9/20/2019 3:00,1,7
9/20/2019 3:00,5,16
9/20/2019 3:00,1,16
9/20/2019 3:00,1,2
9/20/2019 3:00,4,17
9/20/2019 9:04,5,8
9/20/2019 9:04,5,5
9/20/2019 9:04,3,9
9/20/2019 9:04,4,20
9/20/2019 9:04,5,9
9/21/2019 0:00,4,16
9/21/2019 3:00,3,5
9/21/2019 3:00,3,9
9/21/2019 3:00,4,3
9/21/2019 3:00,1,20
9/21/2019 3:00,3,11
9/21/2019 3:00,2,4
9/21/2019 3:00,1,4
9/21/2019 9:04,4,16
9/21/2019 9:04,3,9
9/21/2019 9:04,3,14
9/21/2019 9:04,5,20
9/21/2019 9:04,4,12
9/22/2019 0:00,1,1
9/22/2019 3:00,5,11
9/22/2019 3:00,5,21
9/22/2019 3:00,2,1
9/22/2019 3:00,2,11
9/22/2019 3:00,4,18
9/22/2019 3:00,5,15
9/22/2019 3:00,3,19
9/22/2019 9:04,2,13
9/22/2019 9:04,3,18
9/22/2019 9:04,2,7
9/22/2019 9:04,5,18
9/22/2019 9:04,2,19
9/23/2019 0:00,4,11
9/23/2019 3:00,5,4
9/23/2019 3:00,2,1
9/23/2019 3:00,5,2
9/23/2019 3:00,2,7
9/23/2019 3:00,5,15
9/23/2019 3:00,3,10
9/23/2019 3:00,5,2
9/23/2019 9:04,5,9
9/23/2019 9:04,1,5
9/23/2019 9:04,5,3
9/23/2019 9:04,3,1
9/23/2019 9:04,2,17
9/24/2019 0:00,2,19
9/24/2019 3:00,3,16
9/24/2019 3:00,4,9
9/24/2019 3:00,2,11
9/24/2019 3:00,5,18
9/24/2019 3:00,3,14
9/24/2019 3:00,4,8
9/24/2019 3:00,5,20
9/24/2019 9:04,1,8
9/24/2019 9:04,4,3
9/24/2019 9:04,4,2
9/24/2019 9:04,4,20
9/24/2019 9:04,1,12
9/25/2019 0:00,1,6
9/25/2019 3:00,4,3
9/25/2019 3:00,2,11
9/25/2019 3:00,3,17
9/25/2019 3:00,5,14
9/25/2019 3:00,4,19
9/25/2019 3:00,3,15
9/25/2019 3:00,2,16
9/25/2019 9:04,2,15
9/25/2019 9:04,5,18
9/25/2019 9:04,5,7
9/25/2019 9:04,5,14
9/25/2019 9:04,5,21
9/26/2019 0:00,2,19
9/26/2019 3:00,3,12
9/26/2019 3:00,3,4
9/26/2019 3:00,1,18
9/26/2019 3:00,5,5
9/26/2019 3:00,2,9
9/26/2019 3:00,1,18
9/26/2019 3:00,4,11
9/26/2019 9:04,5,7
9/26/2019 9:04,2,2
9/26/2019 9:04,3,13
9/26/2019 9:04,2,3
9/26/2019 9:04,3,6
9/27/2019 0:00,1,16
9/27/2019 3:00,3,9
9/27/2019 3:00,4,20
9/27/2019 3:00,2,9
9/27/2019 3:00,2,7
9/27/2019 3:00,3,11
9/27/2019 3:00,2,2
9/27/2019 3:00,4,6
9/27/2019 9:04,2,4
9/27/2019 9:04,2,18
9/27/2019 9:04,4,18
9/27/2019 9:04,2,20
9/27/2019 9:04,1,9
9/28/2019 0:00,1,2
9/28/2019 3:00,3,15
9/28/2019 3:00,4,10
9/28/2019 3:00,2,10
9/28/2019 3:00,2,9
9/28/2019 3:00,1,10
9/28/2019 3:00,4,12
9/28/2019 3:00,1,11
9/28/2019 9:04,1,21
9/28/2019 9:04,5,1
9/28/2019 9:04,3,5
9/28/2019 9:04,2,2
9/28/2019 9:04,3,1
9/29/2019 0:00,3,11
9/29/2019 3:00,3,16
9/29/2019 3:00,5,18
9/29/2019 3:00,5,10
9/29/2019 3:00,4,6
9/29/2019 3:00,1,13
9/29/2019 3:00,1,13
9/29/2019 3:00,3,2
9/29/2019 9:04,2,11
9/29/2019 9:04,2,18
9/29/2019 9:04,1,15
9/29/2019 9:04,4,8
9/29/2019 9:04,5,16
9/3/2019 0:00,1,1
9/3/2019 3:00,4,13
9/3/2019 3:00,3,21
9/3/2019 3:00,1,10
9/3/2019 3:00,5,15
9/3/2019 3:00,4,16
9/3/2019 3:00,1,19
9/3/2019 3:00,2,20
9/3/2019 9:04,2,21
9/3/2019 9:04,5,10
9/3/2019 9:04,4,16
9/3/2019 9:04,4,15
9/3/2019 9:04,1,11
9/30/2019 0:00,1,10
9/30/2019 3:00,5,13
9/30/2019 3:00,3,12
9/30/2019 3:00,1,15
9/30/2019 3:00,4,8
9/30/2019 3:00,2,21
9/30/2019 3:00,1,11
9/30/2019 3:00,1,1
9/30/2019 9:04,2,19
9/30/2019 9:04,3,15
9/30/2019 9:04,2,9
9/30/2019 9:04,5,4
9/30/2019 9:04,1,20
9/4/2019 0:00,4,13
9/4/2019 3:00,2,10
9/4/2019 3:00,3,21
9/4/2019 3:00,4,14
9/4/2019 3:00,2,16
9/4/2019 3:00,5,14
9/4/2019 3:00,5,11
9/4/2019 3:00,2,10
9/4/2019 9:04,4,20
9/4/2019 9:04,4,2
9/4/2019 9:04,5,13
9/4/2019 9:04,5,15
9/4/2019 9:04,3,3
9/5/2019 0:00,1,16
9/5/2019 3:00,3,5
9/5/2019 3:00,4,5
9/5/2019 3:00,3,10
9/5/2019 3:00,3,5
9/5/2019 3:00,3,9
9/5/2019 3:00,1,20
9/5/2019 3:00,1,19
9/5/2019 9:04,5,19
9/5/2019 9:04,1,8
9/5/2019 9:04,1,8
9/5/2019 9:04,4,6
9/5/2019 9:04,4,15
9/6/2019 0:00,3,7
9/6/2019 3:00,2,19
9/6/2019 3:00,5,21
9/6/2019 3:00,1,21
9/6/2019 3:00,2,2
9/6/2019 3:00,1,3
9/6/2019 3:00,3,10
9/6/2019 3:00,3,16
9/6/2019 9:04,2,11
9/6/2019 9:04,4,3
9/6/2019 9:04,1,6
9/6/2019 9:04,2,9
9/7/2019 0:00,1,9
9/7/2019 3:00,4,14
9/7/2019 3:00,3,13
9/7/2019 3:00,5,8
9/7/2019 3:00,2,7
9/7/2019 3:00,1,7
9/7/2019 3:00,5,21
9/7/2019 3:00,2,14
9/7/2019 9:04,2,3
9/7/2019 9:04,1,19
9/7/2019 9:04,4,1
9/7/2019 9:04,2,2
9/7/2019 9:04,5,2
9/8/2019 0:00,1,13
9/8/2019 3:00,4,9
9/8/2019 3:00,3,6
9/8/2019 3:00,3,21
9/8/2019 3:00,4,16
9/8/2019 3:00,1,2
9/8/2019 3:00,2,8
9/8/2019 3:00,1,14
9/8/2019 9:04,1,3
9/8/2019 9:04,2,8
9/8/2019 9:04,3,12
9/8/2019 9:04,2,4
9/8/2019 9:04,5,20
9/9/2019 0:00,3,11
9/9/2019 3:00,1,20
9/9/2019 3:00,5,2
9/9/2019 3:00,2,7
9/9/2019 3:00,5,12
9/9/2019 3:00,5,6
9/9/2019 3:00,1,2
9/9/2019 3:00,2,12
9/9/2019 9:04,2,10
9/9/2019 9:04,5,14
9/9/2019 9:04,4,9
9/9/2019 9:04,4,8
9/9/2019 9:04,4,4
